episode,total_reward,loss,accuracy
1,-188.03818062629057,1.8689480274915695,0.46875
2,-182.83406064363464,2.012204730301164,0.375
3,-191.9412706132825,1.295925810594781,0.59375
4,-180.23200065230665,1.534312557283556,0.40625
5,-184.13509063929862,2.591293909194974,0.78125
6,-180.23200065230668,2.1563155832045595,0.625
7,-193.24230060894646,3.6840102866408415,0.71875
8,-186.73715063062656,4.018838944612071,0.6875
9,-195.84436060027443,2.951248590252362,0.8125
10,-178.9309706566427,3.2851726191001944,0.8125
11,-180.23200065230668,5.535986550152302,0.625
12,-182.83406064363464,3.7799284275388345,0.78125
13,-180.23200065230668,4.463785694910257,0.71875
14,-171.1247906826588,4.865254786331207,0.71875
15,-180.23200065230668,5.223546365494258,0.71875
16,-178.9309706566427,3.147974949748459,0.6875
17,-185.43612063496258,3.8294721504935296,0.78125
18,-180.23200065230668,2.9896724830032326,0.75
19,-182.83406064363464,2.3227199153625406,0.875
20,-188.03818062629057,2.5642156517133117,0.78125
21,-180.23200065230668,2.4053539175947662,0.78125
22,-177.62994066097872,1.718858281019493,0.65625
23,-184.13509063929862,2.0723171947174706,0.40625
24,-173.72685067398677,3.091814454877749,0.5625
25,-186.7371506306266,3.6152072638772097,0.75
26,-185.4361206349626,3.4364782725460827,0.84375
27,-177.62994066097875,3.5972898566978984,0.75
28,-184.13509063929862,3.3266491021204274,0.6875
29,-176.32891066531474,4.58170372206223,0.5
30,-175.02788066965076,3.415348266426008,0.71875
31,-173.72685067398677,2.494920595025178,0.65625
32,-176.32891066531474,2.6183740751348523,0.75
33,-175.02788066965076,1.7794829171616584,0.84375
34,-184.13509063929862,1.3888680059044418,0.84375
35,-176.32891066531477,1.8097183373902226,0.6875
36,-168.52273069133088,1.5480060392146697,0.75
37,-176.32891066531474,2.3660021033501835,0.71875
38,-172.4258206783228,1.423643208181602,0.84375
39,-176.3289106653147,1.3643800323179676,0.78125
40,-177.62994066097872,1.6993674173490945,0.6875
41,-184.13509063929862,1.8834170762711437,0.875
42,-172.4258206783228,0.7981267067120825,0.9375
43,-177.6299406609787,0.8844145724942791,0.90625
44,-171.12479068265884,1.332281174705713,0.59375
45,-178.93097065664273,1.8683421593450475,0.5625
46,-163.31861070867495,2.0009609447442926,0.8125
47,-163.31861070867495,1.676091751025524,0.6875
48,-169.82376068699483,1.3557377721595003,0.84375
49,-168.52273069133085,0.7762998760541109,0.78125
50,-173.72685067398677,1.086692381226385,0.875
51,-185.4361206349626,0.7288067682166002,0.96875
52,-171.12479068265884,0.5665056058007849,0.9375
53,-171.1247906826588,0.4549460561975138,0.96875
54,-169.82376068699486,0.3948039334572968,0.96875
55,-181.53303064797066,0.1951383367231756,0.96875
56,-171.1247906826588,0.27183002117089927,0.96875
57,-178.9309706566427,0.384503391051112,0.96875
58,-177.62994066097872,0.36818560316896765,1.0
59,-180.23200065230668,0.37113049129584397,0.90625
60,-167.2217006956669,0.24475533545728467,0.96875
61,-177.62994066097872,0.34979224717244506,0.9375
62,-171.12479068265884,0.4186865386473073,0.90625
63,-164.6196407043389,0.28054532897891704,0.96875
64,-156.81346073035505,0.19041333489803947,1.0
65,-178.93097065664273,0.24151942009666527,1.0
66,-167.22170069566687,0.19468365811553667,1.0
67,-160.716550717347,0.11231127341943647,1.0
68,-172.42582067832282,0.12998050652822712,1.0
69,-167.22170069566687,0.13043651491716446,1.0
70,-167.22170069566687,0.2393249328706588,1.0
71,-165.92067070000292,0.12129124701209548,1.0
72,-159.415520721683,0.04352859591540437,1.0
73,-171.1247906826588,0.039941415455359675,1.0
74,-164.61964070433893,0.06820936602343863,1.0
75,-172.4258206783228,0.055688368703215474,1.0
76,-164.6196407043389,0.017976616494763675,1.0
77,-154.21140073902708,0.03242323564882099,1.0
78,-168.52273069133088,0.03434785325686107,1.0
79,-160.716550717347,0.06069786699845281,1.0
80,-168.52273069133085,0.05459566853443221,1.0
81,-165.92067070000292,0.018740614610635475,1.0
82,-164.6196407043389,0.045659195986957,1.0
83,-167.2217006956669,0.022916220733634418,1.0
84,-167.2217006956669,0.02003326414876483,1.0
85,-162.01758071301097,0.037659012595042896,1.0
86,-172.4258206783228,0.025048283105263636,1.0
87,-151.60934074769912,0.01744978872699221,1.0
88,-150.30831075203517,0.027259573177673246,1.0
89,-156.81346073035505,0.023866120499178578,1.0
90,-163.31861070867495,0.01756470979671576,1.0
91,-162.01758071301097,0.018239620467340956,1.0
92,-169.82376068699483,0.019703012167610723,1.0
93,-168.52273069133088,0.013263135628506006,1.0
94,-162.01758071301097,0.024777115418146423,1.0
95,-169.82376068699483,0.017848519298354404,1.0
96,-162.01758071301097,0.012111440670196316,1.0
97,-168.52273069133085,0.008859631074187746,1.0
98,-175.02788066965076,0.008372989927295293,1.0
99,-149.00728075637116,0.01323214522130911,1.0
100,-162.01758071301097,0.016104504891245597,1.0
101,-155.51243073469107,0.01164221083610073,1.0
102,-159.415520721683,0.009559841642897027,1.0
103,-165.92067070000292,0.023319931860953602,1.0
104,-165.9206707000029,0.010431280235764007,1.0
105,-163.31861070867495,0.00693549497600543,1.0
106,-172.4258206783228,0.012052086470021095,1.0
107,-169.82376068699483,0.0084023505520463,1.0
108,-159.415520721683,0.006244551606073401,1.0
109,-156.81346073035505,0.007638429869302854,1.0
110,-154.21140073902708,0.011856107140886252,1.0
111,-155.51243073469107,0.00793229556006736,1.0
112,-162.01758071301097,0.014202230320677245,1.0
113,-149.00728075637116,0.02035782269217634,1.0
114,-167.2217006956669,0.005092816963781388,1.0
115,-159.415520721683,0.004859131253681426,1.0
116,-158.11449072601903,0.005598297210212877,1.0
117,-165.92067070000292,0.004948367440476886,1.0
118,-162.01758071301094,0.009618838320591294,1.0
119,-162.01758071301094,0.008522980641828326,1.0
120,-150.30831075203514,0.004997556068246922,1.0
121,-164.6196407043389,0.006558290759585361,1.0
122,-152.9103707433631,0.008524074389526959,1.0
123,-150.30831075203517,0.0061812397552785114,1.0
124,-160.716550717347,0.006222356335513268,1.0
125,-156.81346073035502,0.005925328918067407,1.0
126,-158.11449072601903,0.00563479075236728,1.0
127,-155.51243073469107,0.003206123997870236,1.0
128,-160.716550717347,0.005563489918415598,1.0
129,-150.3083107520351,0.00165960167726098,1.0
130,-151.60934074769912,0.005985553404173061,1.0
131,-154.21140073902708,0.002973643492964584,1.0
132,-146.4052207650432,0.006043095822860778,1.0
133,-149.00728075637116,0.007464364149257108,1.0
134,-162.01758071301097,0.005991104174256634,1.0
135,-162.01758071301097,0.0054980704952640735,1.0
136,-152.9103707433631,0.014526955049973367,1.0
137,-167.2217006956669,0.007749450307812822,1.0
138,-159.415520721683,0.007788617269852693,1.0
139,-139.90007078672332,0.0035194200324895064,1.0
140,-147.70625076070718,0.0036530052012153647,1.0
141,-159.415520721683,0.003302301404289665,1.0
142,-143.80316077371526,0.009956556576980802,1.0
143,-158.11449072601903,0.002813366301552378,1.0
144,-147.70625076070718,0.006652075806528046,1.0
145,-151.60934074769912,0.0079436415999794,1.0
146,-151.60934074769912,0.011075293667602182,1.0
147,-145.10419076937922,0.003888578447515556,1.0
148,-158.11449072601903,0.0020079451928722847,1.0
149,-160.716550717347,0.006524479678887474,1.0
150,-145.10419076937924,0.0033092108204186843,1.0
151,-149.00728075637116,0.007159780607935318,1.0
152,-151.60934074769915,0.0038899587566447735,1.0
153,-162.01758071301097,0.0012490404453160409,1.0
154,-154.21140073902708,0.0020153738213366523,1.0
155,-152.9103707433631,0.00602022667521851,1.0
156,-154.21140073902708,0.003213229723371569,1.0
157,-155.51243073469107,0.0015114417026893534,1.0
158,-151.60934074769912,0.0033042577020410135,1.0
159,-146.4052207650432,0.0034945576062455075,1.0
160,-152.9103707433631,0.00322464079420115,1.0
161,-156.81346073035505,0.003663128687378503,1.0
162,-149.00728075637116,0.0027099408713979756,1.0
163,-147.7062507607072,0.002724624075938209,1.0
164,-164.61964070433893,0.0013969569046707875,1.0
165,-142.50213077805128,0.0016628410049861486,1.0
166,-149.0072807563712,0.0024827184637956634,1.0
167,-158.11449072601903,0.0022966369937762465,1.0
168,-152.9103707433631,0.0022733357536708354,1.0
169,-154.21140073902706,0.0020871299032592106,1.0
170,-154.21140073902708,0.001375421617694883,1.0
171,-151.60934074769915,0.001567378030472355,1.0
172,-150.30831075203514,0.0010351590150889933,1.0
173,-149.00728075637116,0.0030321257570449234,1.0
174,-147.70625076070718,0.004378669430820992,1.0
175,-149.0072807563712,0.0029856704040867044,1.0
176,-151.60934074769915,0.001830715598543975,1.0
177,-151.60934074769912,0.001923908745254721,1.0
178,-150.30831075203517,0.0025156770944363416,1.0
179,-139.90007078672332,0.002220856510405156,1.0
180,-150.30831075203514,0.003788404763838571,1.0
181,-152.91037074336313,0.009437695552946934,1.0
182,-152.9103707433631,0.007595430819890225,1.0
183,-147.70625076070718,0.0065103487576152475,1.0
184,-142.50213077805125,0.0020804360111128517,1.0
185,-146.4052207650432,0.0020338790149025954,1.0
186,-150.30831075203514,0.0013486774504940513,1.0
187,-159.415520721683,0.0008773884375159469,1.0
188,-143.80316077371526,0.0016005613146603537,1.0
189,-142.5021307780513,0.00698685334646143,1.0
190,-150.30831075203514,0.016386044669388866,1.0
191,-142.50213077805128,0.004202317145654888,1.0
192,-151.60934074769912,0.0015290263863789733,1.0
193,-150.30831075203514,0.0015872817317017507,1.0
194,-146.4052207650432,0.008319277588043406,1.0
195,-147.70625076070718,0.034081055202250354,1.0
196,-142.50213077805125,0.09546236063988545,1.0
197,-145.10419076937922,0.08816027041211782,1.0
198,-143.80316077371526,0.07461997380192997,0.96875
199,-145.10419076937922,0.0437194019810363,1.0
200,-150.30831075203517,0.009005816757962748,1.0
201,-146.4052207650432,0.017161474054205428,1.0
202,-143.80316077371523,0.03016249756410616,1.0
203,-145.10419076937924,0.008415080578743073,1.0
204,-145.10419076937922,0.010861016642024879,1.0
205,-149.00728075637116,0.021190091805067368,1.0
206,-146.4052207650432,0.0350465137557876,1.0
207,-149.00728075637116,0.02767718276618325,1.0
208,-149.00728075637116,0.02913645905141493,1.0
209,-150.30831075203514,0.00936607535152234,1.0
210,-138.59904079105934,0.005116184410553615,1.0
211,-155.51243073469107,0.006258271932210846,1.0
212,-141.2011007823873,0.005045189735994882,1.0
213,-145.10419076937922,0.0025893357027371167,1.0
214,-146.40522076504323,0.0011114847093836033,1.0
215,-138.59904079105934,0.002616775215415146,1.0
216,-143.80316077371526,0.0005523168050558525,1.0
217,-138.59904079105934,0.003968130743942311,1.0
218,-137.29801079539536,0.0017114319284132762,1.0
219,-147.70625076070718,0.0017383747778580982,1.0
220,-142.50213077805128,0.0012777746363781262,1.0
221,-142.50213077805125,0.0019056400077488433,1.0
222,-139.90007078672332,0.0011440644792628518,1.0
223,-143.80316077371526,0.0011873011306420267,1.0
224,-138.59904079105934,0.0006506908048322657,1.0
225,-138.59904079105934,0.001259886751540762,1.0
226,-147.7062507607072,0.002190352235516002,1.0
227,-142.50213077805128,0.001372586753006999,1.0
228,-146.40522076504323,0.0006957511003520267,1.0
229,-145.10419076937924,0.0014792419279956448,1.0
230,-137.29801079539536,0.0019812428788554826,1.0
231,-146.4052207650432,0.001408231834432172,1.0
232,-147.7062507607072,0.0010536627145256716,1.0
233,-143.80316077371526,0.0002140348787520452,1.0
234,-146.40522076504323,0.0009246702453538092,1.0
235,-138.59904079105934,0.00045823149019952325,1.0
236,-141.2011007823873,0.00034841896018633634,1.0
237,-139.90007078672332,0.0005552159431090331,1.0
238,-134.6959508040674,0.0009940206392684559,1.0
239,-138.59904079105934,0.0016557606453488916,1.0
240,-145.10419076937922,0.0006519809030010038,1.0
241,-142.50213077805128,0.0013072419469608576,1.0
242,-139.90007078672332,0.0011507698209811679,1.0
243,-152.91037074336313,0.0005693880352737324,1.0
244,-149.0072807563712,0.0008546108268205899,1.0
245,-139.90007078672332,0.0006281184848262455,1.0
246,-138.59904079105934,0.0011816967410709367,1.0
247,-137.29801079539536,0.0006626221715464453,1.0
248,-135.99698079973138,0.00010470683270114023,1.0
249,-135.99698079973138,0.0009141359232671675,1.0
250,-137.29801079539536,0.0006871249243545208,1.0
251,-143.80316077371526,0.001707398402572835,1.0
252,-138.5990407910593,0.011133481368233333,1.0
253,-143.80316077371523,0.022127969082873733,1.0
254,-145.10419076937922,0.04033910644011485,1.0
255,-142.50213077805128,0.038948906414589146,1.0
256,-138.59904079105934,0.18594145284623664,1.0
257,-142.50213077805125,0.2694482091937971,1.0
258,-142.50213077805128,0.09332660573636531,1.0
259,-141.2011007823873,0.4584695627527253,0.9375
260,-139.90007078672332,0.17007194030617256,0.9375
261,-143.80316077371526,0.22582879768748398,0.90625
262,-141.2011007823873,0.11989317697975821,0.96875
263,-133.3949208084034,0.03098696491542796,1.0
264,-138.59904079105934,0.021760358248002376,1.0
265,-139.9000707867233,0.016233298935844687,1.0
266,-142.50213077805125,0.03167176793908766,1.0
267,-137.29801079539536,0.010595324604992129,1.0
268,-139.90007078672332,0.0037166245692787925,1.0
269,-134.6959508040674,0.0016903891624906464,1.0
270,-141.2011007823873,0.0026079567948045224,1.0
271,-145.10419076937922,0.0011611120602879055,1.0
272,-143.80316077371526,0.0018986949809800535,1.0
273,-134.69595080406742,0.0015402358527580873,1.0
274,-134.6959508040674,0.002272234582051169,1.0
275,-135.99698079973138,0.0020767123697851275,1.0
276,-139.90007078672332,0.0006329643056801615,1.0
277,-135.99698079973138,0.0009336278030218637,1.0
278,-139.90007078672332,0.0010252092691303005,1.0
279,-143.80316077371523,0.0010853330417148754,1.0
280,-133.3949208084034,0.0015414393140531502,1.0
281,-134.6959508040674,0.001997232567816809,1.0
282,-141.20110078238727,0.002421397282091675,1.0
283,-143.80316077371526,0.0012480169795026086,1.0
284,-145.10419076937922,0.0008878282563955509,1.0
285,-139.90007078672332,0.0005794758271235878,1.0
286,-137.29801079539536,0.0017103386065855375,1.0
287,-142.50213077805128,0.007065983648885776,1.0
288,-134.6959508040674,0.015420284244669347,1.0
289,-135.99698079973138,0.004601607104007144,1.0
290,-135.99698079973138,0.003831215921479725,1.0
291,-134.6959508040674,0.0024823040747605774,1.0
292,-132.09389081273943,0.0009010781739675622,1.0
293,-132.09389081273943,0.0027500892902025953,1.0
294,-137.29801079539536,0.004203577750956811,1.0
295,-141.20110078238724,0.005498818191313148,1.0
296,-130.79286081707545,0.00040570882754309423,1.0
297,-141.2011007823873,0.0011430131194742899,1.0
298,-133.3949208084034,0.0016836306951404367,1.0
299,-138.59904079105934,0.0032328847062785826,1.0
300,-149.00728075637116,0.0029107894820299407,1.0
301,-134.6959508040674,0.0005358172914498027,1.0
302,-134.6959508040674,0.0006330939472718455,1.0
303,-134.6959508040674,0.0007861370895625441,1.0
304,-134.6959508040674,0.00034325189238870735,1.0
305,-135.9969807997314,0.0004191822699226577,1.0
306,-137.29801079539536,0.0007249025964597422,1.0
307,-130.79286081707548,0.003746632372951808,1.0
308,-137.29801079539536,0.013593199806336997,1.0
309,-134.6959508040674,0.003082409795183594,1.0
310,-134.6959508040674,0.0015405071411009885,1.0
311,-133.3949208084034,0.001906419720512531,1.0
312,-134.6959508040674,0.0016911384874447322,1.0
313,-135.99698079973138,0.0010190016137698876,1.0
314,-129.49183082141147,0.0019377545839347476,1.0
315,-133.39492080840344,0.0026961408325973935,1.0
316,-133.3949208084034,0.005601536845006194,1.0
317,-138.5990407910593,0.008642709456637476,1.0
318,-132.09389081273943,0.006178936952608183,1.0
319,-134.6959508040674,0.002077081984907636,1.0
320,-139.90007078672332,0.011145794017579647,1.0
321,-135.99698079973138,0.017925420788742485,1.0
322,-134.6959508040674,0.026376500336027675,1.0
323,-132.09389081273943,0.019947180233202744,1.0
324,-132.09389081273946,0.1197158824984399,1.0
325,-135.99698079973138,0.08678885252629698,1.0
326,-141.20110078238727,0.041560299333696094,1.0
327,-134.69595080406742,0.02960148607832025,1.0
328,-134.6959508040674,0.011337621772781858,1.0
329,-138.59904079105934,0.007053183714901934,1.0
330,-133.3949208084034,0.0028741270075443026,1.0
331,-141.20110078238733,0.002382300141448468,1.0
332,-124.28771083875557,0.006273643341501156,1.0
333,-132.09389081273943,0.007817521904144087,1.0
334,-135.99698079973138,0.003907816620255744,1.0
335,-134.6959508040674,0.005343564908400822,1.0
336,-130.79286081707545,0.0014347384524171503,1.0
337,-132.09389081273943,0.0015308653586316723,1.0
338,-135.99698079973138,0.0009491634068581334,1.0
339,-133.3949208084034,0.0010567889340222791,1.0
340,-132.09389081273943,0.00468511744782063,1.0
341,-130.79286081707545,0.004660818244701659,1.0
342,-132.09389081273943,0.0017037559178447736,1.0
343,-133.3949208084034,0.00979198167397044,1.0
344,-130.79286081707545,0.02114708427870937,1.0
345,-133.3949208084034,0.060555214354735654,1.0
346,-130.79286081707545,0.02940643293652556,1.0
347,-133.3949208084034,0.032589044254223154,1.0
348,-133.3949208084034,0.020957885502468798,1.0
349,-134.6959508040674,0.019995342233244173,1.0
350,-134.6959508040674,0.028029844273589788,1.0
351,-126.88977083008352,0.002053631544356449,1.0
352,-135.99698079973138,0.00161850047425105,1.0
353,-129.49183082141147,0.0023191613839799174,1.0
354,-130.79286081707548,0.0016921281409167932,1.0
355,-128.1908008257475,0.0013182569168179725,1.0
356,-124.28771083875556,0.0004093413659802536,1.0
357,-138.59904079105934,0.0003777299559715175,1.0
358,-138.59904079105934,0.0008382811317915184,1.0
359,-130.79286081707548,0.0009406751185565554,1.0
360,-130.79286081707545,0.0015507346537901867,1.0
361,-129.49183082141147,0.003724384539850689,1.0
362,-129.4918308214115,0.011035189184042338,1.0
363,-129.4918308214115,0.011647350240139076,1.0
364,-134.6959508040674,0.05276549072095804,1.0
365,-132.09389081273943,0.02081972326692494,1.0
366,-138.59904079105934,0.02937497619387841,1.0
367,-135.99698079973138,0.015978415113806932,1.0
368,-138.5990407910593,0.015634609120525056,1.0
369,-133.3949208084034,0.027197366153814073,1.0
370,-130.79286081707545,0.01204123621147346,1.0
371,-124.28771083875556,0.0348877889018695,1.0
372,-132.09389081273943,0.052341906248329906,1.0
373,-125.58874083441954,0.16022249458160331,0.9375
374,-130.79286081707548,0.06327451642573578,1.0
375,-135.99698079973138,0.03819218225021359,1.0
376,-135.99698079973138,0.0649929613268796,1.0
377,-128.19080082574752,0.032859264856142545,1.0
378,-125.58874083441955,0.02238596207075716,1.0
379,-134.6959508040674,0.010023518289983713,1.0
380,-129.4918308214115,0.011917460287918402,1.0
381,-130.79286081707545,0.01908555580854454,1.0
382,-128.1908008257475,0.03584613181033092,1.0
383,-129.4918308214115,0.033201146551618876,1.0
384,-129.49183082141147,0.09829754572456295,1.0
385,-138.59904079105934,0.12353317024098942,0.9375
386,-132.09389081273943,0.025776379840635855,1.0
387,-129.49183082141147,0.004758881263853709,1.0
388,-126.8897708300835,0.0014479401505127498,1.0
389,-129.49183082141147,0.0009982346337551462,1.0
390,-130.79286081707545,0.001339405724934295,1.0
391,-126.8897708300835,0.0033003492514467325,1.0
392,-129.4918308214115,0.0009362245943975722,1.0
393,-125.58874083441954,0.0009530257801202424,1.0
394,-130.79286081707545,0.00180420730350761,1.0
395,-133.3949208084034,0.001714645399715664,1.0
396,-128.19080082574752,0.0015828125536927473,1.0
397,-141.2011007823873,0.0018095452579132143,1.0
398,-132.09389081273943,0.00225803309155026,1.0
399,-129.49183082141147,0.0023151682030970733,1.0
400,-135.99698079973138,0.0019161510190883746,1.0
401,-130.79286081707545,0.002436769212181389,1.0
402,-129.49183082141147,0.0030228915831571612,1.0
403,-130.79286081707545,0.009731969807603491,1.0
404,-130.79286081707545,0.03861349634007638,1.0
405,-128.19080082574752,0.043188082709207265,1.0
406,-129.4918308214115,0.024825601014129006,1.0
407,-135.99698079973138,0.016111612183578927,1.0
408,-126.88977083008352,0.019681667212580578,1.0
409,-130.79286081707548,0.02021221178347332,1.0
410,-132.09389081273943,0.010972505800793897,1.0
411,-129.4918308214115,0.007450603299389513,1.0
412,-133.3949208084034,0.0023414384393163346,1.0
413,-128.19080082574752,0.006912997343931693,1.0
414,-130.79286081707545,0.0035351799226077674,1.0
415,-128.19080082574752,0.00446675611505043,1.0
416,-129.49183082141147,0.0038275288161457865,1.0
417,-139.90007078672332,0.003436175486342563,1.0
418,-132.09389081273946,0.004159393909390019,1.0
419,-130.79286081707545,0.001696970564807998,1.0
420,-132.09389081273943,0.0013651237479166412,1.0
421,-129.49183082141147,0.0005218813951728407,1.0
422,-130.79286081707548,0.0004761415339089581,1.0
423,-130.79286081707545,0.0008883991045536277,1.0
424,-129.4918308214115,0.0014621580858147354,1.0
425,-128.1908008257475,0.0011566023085833876,1.0
426,-128.19080082574752,0.0010561869985963313,1.0
427,-128.19080082574752,0.005244069482898794,1.0
428,-133.3949208084034,0.047115408597619535,1.0
429,-132.09389081273943,0.04650352761018439,1.0
430,-126.88977083008352,0.026325325303332647,1.0
431,-125.58874083441955,0.04883569697955181,1.0
432,-129.4918308214115,0.022588002858810796,1.0
433,-130.79286081707548,0.020343432420645513,1.0
434,-130.79286081707548,0.018290767261532892,1.0
435,-132.09389081273946,0.10182617851114628,1.0
436,-125.58874083441954,0.06917300039049223,1.0
437,-129.4918308214115,0.02498226376957291,1.0
438,-126.88977083008353,0.027423731210319602,1.0
439,-126.88977083008353,0.02646695254026099,1.0
440,-130.79286081707548,0.051710173322817354,1.0
441,-128.19080082574752,0.02671816072074762,1.0
442,-134.6959508040674,0.011821194484127773,1.0
443,-137.29801079539536,0.002712939780394663,1.0
444,-133.3949208084034,0.0015318183785666406,1.0
445,-126.88977083008352,0.0022638326000787856,1.0
446,-133.3949208084034,0.005007491939522879,1.0
447,-129.4918308214115,0.018163856806552303,1.0
448,-128.1908008257475,0.01818008817917871,1.0
449,-126.88977083008352,0.011495412513909287,1.0
450,-128.19080082574752,0.0032537450341578733,1.0
451,-130.79286081707548,0.006279736250235146,1.0
452,-130.79286081707548,0.015194699874882645,1.0
453,-132.09389081273946,0.09859080146384258,1.0
454,-130.79286081707545,0.06617300687253191,1.0
455,-126.8897708300835,0.012479631714825246,1.0
456,-126.88977083008352,0.009274122908038862,1.0
457,-125.58874083441955,0.005939447867660874,1.0
458,-126.88977083008352,0.0021013812888668326,1.0
459,-133.3949208084034,0.0010420861679563131,1.0
460,-124.28771083875557,0.0011092521638147446,1.0
461,-130.79286081707545,0.0009615827605671257,1.0
462,-126.8897708300835,0.0008481802631763458,1.0
463,-128.1908008257475,0.0016801775523163087,1.0
464,-132.09389081273943,0.0020415130596802555,1.0
465,-128.19080082574752,0.0055384304700965,1.0
466,-126.8897708300835,0.004972908028719303,1.0
467,-126.88977083008353,0.0005639850687657599,1.0
468,-125.58874083441953,0.0013411051426714948,1.0
469,-122.98668084309159,0.00045660935433033956,1.0
470,-122.98668084309159,0.0002890441669478605,1.0
471,-128.19080082574752,0.000962568048976209,1.0
472,-124.28771083875557,0.0020659968615177604,1.0
473,-126.88977083008353,0.0018745070653380935,1.0
474,-129.4918308214115,0.0011273174078496595,1.0
475,-128.1908008257475,0.0016436713700613836,1.0
476,-133.3949208084034,0.00045545861161144785,1.0
477,-129.4918308214115,0.0008807267043948741,1.0
478,-129.4918308214115,0.0007314698223694904,1.0
479,-125.58874083441955,0.0014899717156708903,1.0
480,-125.58874083441954,0.0019787847970746952,1.0
481,-130.79286081707545,0.003294745624771167,1.0
482,-128.1908008257475,0.00786081799861904,1.0
483,-129.49183082141147,0.01685342593373207,1.0
484,-126.88977083008352,0.039704620885231634,0.78125
485,-126.88977083008352,0.03563630393301764,1.0
486,-124.28771083875556,0.007375842216220008,1.0
487,-124.28771083875557,0.0035130053616967416,1.0
488,-130.79286081707545,0.00826177534730732,1.0
489,-126.88977083008352,0.03842453805145851,1.0
490,-126.8897708300835,0.04089026112774263,1.0
491,-128.1908008257475,0.0798966362531246,0.9375
492,-126.8897708300835,0.10518775064974761,1.0
493,-125.58874083441955,0.02998674851278338,1.0
494,-124.28771083875556,0.11702398903446465,1.0
495,-124.28771083875557,0.11868101100122885,1.0
496,-122.98668084309159,0.06978143795140568,1.0
497,-122.98668084309158,0.021265062277279867,1.0
498,-126.88977083008352,0.004426539839812449,1.0
499,-124.28771083875556,0.005611841290146913,1.0
500,-128.1908008257475,0.015666246984721965,1.0
501,-124.28771083875556,0.00500206289086691,1.0
502,-121.68565084742761,0.0034098266506248365,1.0
503,-128.1908008257475,0.002155016331528259,1.0
504,-125.58874083441953,0.012829963287458668,1.0
505,-125.58874083441954,0.0034577365394170556,1.0
506,-129.49183082141147,0.015183733631204177,1.0
507,-129.49183082141147,0.045453156468511224,1.0
508,-122.98668084309159,0.013562546182583901,1.0
509,-126.88977083008352,0.013045626559346601,1.0
510,-129.49183082141147,0.005857800817011594,1.0
511,-126.88977083008353,0.0121643788536403,1.0
512,-126.88977083008353,0.005211661030045889,1.0
513,-128.19080082574752,0.002259707858058846,1.0
514,-125.58874083441955,0.0007060971399823757,1.0
515,-124.28771083875557,0.0019003551770424565,1.0
516,-126.88977083008352,0.0016365262193858143,1.0
517,-126.88977083008352,0.00432613115225422,1.0
518,-121.68565084742761,0.0029118319955614425,1.0
519,-128.1908008257475,0.007883818477409932,1.0
520,-126.88977083008353,0.0031482263292446078,1.0
521,-130.79286081707545,0.004718795452902214,1.0
522,-129.4918308214115,0.0012900565319569068,1.0
523,-124.28771083875557,0.004404141976351639,1.0
524,-126.8897708300835,0.008787193720422692,1.0
525,-121.68565084742761,0.018147654024005533,1.0
526,-126.88977083008353,0.010766955042129212,1.0
527,-122.98668084309159,0.0016341745580916722,1.0
528,-130.79286081707548,0.0020246483825303585,1.0
529,-128.19080082574752,0.009578509054279039,1.0
530,-124.28771083875557,0.005148962274972746,1.0
531,-124.28771083875556,0.0041845691701496435,1.0
532,-125.58874083441954,0.0022948426374114206,1.0
533,-124.28771083875557,0.008971061934687441,1.0
534,-124.28771083875557,0.011157811457053413,1.0
535,-126.88977083008352,0.07258629573476583,1.0
536,-130.79286081707548,0.03259208018107529,1.0
537,-125.58874083441954,0.06583742096501055,1.0
538,-132.09389081273946,0.06972881519823204,1.0
539,-125.58874083441954,0.14291381286966498,1.0
540,-125.58874083441955,0.10975428386660724,0.8125
541,-128.19080082574752,0.022117633000846126,1.0
542,-124.28771083875557,0.014824844713359653,1.0
543,-126.8897708300835,0.0153987210379114,1.0
544,-124.28771083875557,0.011581012227111387,1.0
545,-126.88977083008352,0.0073140810155223335,1.0
546,-124.28771083875557,0.022366490591650745,1.0
547,-128.19080082574752,0.04000549934244191,1.0
548,-125.58874083441954,0.017279538058573962,1.0
549,-121.68565084742761,0.005381314764747458,1.0
550,-125.58874083441955,0.0014841376188314825,1.0
551,-125.58874083441954,0.00519191758900206,1.0
552,-125.58874083441954,0.012866866743308947,1.0
553,-125.58874083441953,0.055367364913593065,1.0
554,-124.28771083875557,0.02746610551730555,1.0
555,-124.28771083875557,0.02620287783048525,1.0
556,-124.28771083875557,0.014633964263452981,1.0
557,-124.28771083875554,0.005387452334957743,1.0
558,-126.88977083008352,0.001461517954453484,1.0
559,-128.1908008257475,0.0031903519482625597,1.0
560,-122.98668084309159,0.012548273314450853,1.0
561,-125.58874083441954,0.02626331485157607,1.0
562,-124.28771083875557,0.09171635675431844,1.0
563,-124.28771083875557,0.14945595660719846,0.875
564,-124.28771083875557,0.0755292231449971,1.0
565,-125.58874083441954,0.14803491711245442,0.59375
566,-121.68565084742761,0.0382919106896793,1.0
567,-122.98668084309158,0.006853007771553621,1.0
568,-125.58874083441954,0.006153583026389242,1.0
569,-126.88977083008352,0.003988028974902136,1.0
570,-126.88977083008353,0.0025911877012845252,1.0
571,-126.8897708300835,0.0017845288857643027,1.0
572,-122.98668084309158,0.0029199098913750277,1.0
573,-125.58874083441955,0.005952132010918376,1.0
574,-122.98668084309158,0.006953467302366789,1.0
575,-125.58874083441954,0.00199656993180497,1.0
576,-121.68565084742761,0.00304439084607111,1.0
577,-122.98668084309159,0.004022086205623054,1.0
578,-128.19080082574752,0.005225710879415146,1.0
579,-125.58874083441954,0.0037333233843810376,1.0
580,-125.58874083441954,0.003947897644934528,1.0
581,-125.58874083441954,0.0014171103879334623,1.0
582,-122.98668084309159,0.0011464673263503755,1.0
583,-126.88977083008352,0.002058162950845599,1.0
584,-124.28771083875556,0.000654580486695977,1.0
585,-125.58874083441955,0.0010393841490099476,1.0
586,-124.28771083875557,0.000828700579006636,1.0
587,-125.58874083441954,0.0005359277759566794,1.0
588,-124.28771083875556,0.000611027880893289,1.0
589,-122.98668084309159,0.0015481797058782831,1.0
590,-129.49183082141147,0.0008432330282062139,1.0
591,-126.88977083008353,0.0005217292920747241,1.0
592,-125.58874083441954,0.0006561971427458957,1.0
593,-128.19080082574752,0.0009985395387275275,1.0
594,-122.98668084309158,0.0007047207565165081,1.0
595,-126.8897708300835,0.0007334936818210736,1.0
596,-122.98668084309159,0.0033791057198868657,1.0
597,-124.28771083875556,0.0038474436286719538,1.0
598,-124.28771083875556,0.0008254553116557872,1.0
599,-124.28771083875556,0.0013450270154748978,1.0
600,-124.28771083875554,0.0009473960097921008,1.0
601,-124.28771083875556,0.0013501036722800563,1.0
602,-125.58874083441955,0.0035483288211821673,1.0
603,-124.28771083875557,0.0026092951134160103,1.0
604,-124.28771083875557,0.0016549072693692324,1.0
605,-129.4918308214115,0.003625011964913938,1.0
606,-124.28771083875556,0.008395947941664872,1.0
607,-126.88977083008352,0.009722083359349654,1.0
608,-122.98668084309158,0.011960056633483873,1.0
609,-121.68565084742761,0.07857647754008212,1.0
610,-122.98668084309159,0.04123452576118325,1.0
611,-122.98668084309159,0.02166415225980245,1.0
612,-125.58874083441955,0.033952618183775485,1.0
613,-125.58874083441954,0.02624999126919647,1.0
614,-124.28771083875556,0.2632976856548339,0.9375
615,-124.28771083875556,0.1060557517964753,0.96875
616,-126.88977083008352,0.005821022986367552,1.0
617,-122.98668084309159,0.010569156190115336,1.0
618,-122.98668084309159,0.00599248149808318,1.0
619,-122.98668084309159,0.001205535201222574,1.0
620,-122.98668084309159,0.0015637519271081146,1.0
621,-124.28771083875557,0.003966780437224315,1.0
622,-122.98668084309158,0.005892912103718118,1.0
623,-124.28771083875556,0.003360623140224561,1.0
624,-122.98668084309158,0.008143332537486003,1.0
625,-125.58874083441953,0.01904545296207516,1.0
626,-128.19080082574752,0.004809756878387361,1.0
627,-124.28771083875556,0.005929097579212339,1.0
628,-122.98668084309159,0.0033974937314837916,1.0
629,-124.28771083875556,0.0038715256410455368,1.0
630,-124.28771083875557,0.011365882650579806,1.0
631,-122.98668084309159,0.017881599955956062,1.0
632,-122.98668084309159,0.019027046731764585,1.0
633,-122.98668084309159,0.04799418997458815,1.0
634,-124.28771083875554,0.08912046057190537,1.0
635,-122.98668084309158,0.08273885293056082,0.96875
636,-124.28771083875554,0.015622501350492257,1.0
637,-125.58874083441955,0.004117172312874118,1.0
638,-121.68565084742761,0.0031589679526291548,1.0
639,-125.58874083441955,0.0010737804817608776,1.0
640,-125.58874083441954,0.003472924942059308,1.0
641,-122.98668084309159,0.0027255304199229613,1.0
642,-124.28771083875557,0.0024826023637274375,1.0
643,-122.98668084309159,0.003791931560328976,1.0
644,-122.98668084309159,0.0015346023148481436,1.0
645,-124.28771083875556,0.000562572794819971,1.0
646,-125.58874083441954,0.006612395362481038,1.0
647,-124.28771083875556,0.0016176033965962233,1.0
648,-125.58874083441954,0.0007456443864271023,1.0
649,-124.28771083875557,0.003010392697547104,1.0
650,-121.68565084742761,0.008903194003380577,1.0
651,-121.68565084742761,0.009178290123429633,1.0
652,-125.58874083441955,0.014368716173578377,1.0
653,-124.28771083875556,0.005257431174413796,1.0
654,-122.98668084309158,0.0076454266279597505,1.0
655,-124.28771083875557,0.0011523783110760633,1.0
656,-125.58874083441954,0.0004312599809850326,1.0
657,-122.98668084309159,0.0024506814341407335,1.0
658,-126.88977083008352,0.005303636223402464,1.0
659,-121.68565084742761,0.0009219290988085049,1.0
660,-125.58874083441955,0.0005642154864062832,1.0
661,-124.28771083875557,0.00021135688501772165,1.0
662,-124.28771083875557,0.00035323613144555566,1.0
663,-125.58874083441954,0.00019145410402643392,1.0
664,-121.68565084742761,0.00021715783594800087,1.0
665,-125.58874083441953,0.0008210988740415814,1.0
666,-124.28771083875556,0.0024934396449793894,1.0
667,-124.28771083875556,0.0012794195000083164,1.0
668,-125.58874083441953,0.001180233836350908,1.0
669,-125.58874083441954,0.001490061281629096,1.0
670,-124.28771083875556,0.0016443721748373719,1.0
671,-122.98668084309159,0.0011920115558154976,1.0
672,-122.98668084309158,0.0015986941942287558,1.0
673,-125.58874083441954,0.001590317391901408,1.0
674,-124.28771083875557,0.00507067377139947,1.0
675,-121.68565084742761,0.0049226586489226065,1.0
676,-121.68565084742761,0.006613626129023942,1.0
677,-122.98668084309158,0.007247603724124474,1.0
678,-122.98668084309159,0.010288536393545655,1.0
679,-125.58874083441954,0.04664450075466675,1.0
680,-121.68565084742761,0.1644071486134635,0.9725
681,-122.58874083441954,0.041063124520235306,0.975
682,-122.21140073902708,0.17024727843272558,0.9825
683,-122.28771083875556,0.037140895433878995,1.0
684,-122.98668084309158,0.026527558637781112,1.0
685,-124.28771083875557,0.022524351397919418,1.0
686,-124.28771083875557,0.004498517747947517,1.0
687,-124.28771083875557,0.002443329052084664,1.0
688,-128.1908008257475,0.0021777914041081203,1.0
689,-125.58874083441954,0.007177867133805194,1.0
690,-124.28771083875557,0.027052868657051476,1.0
691,-128.19080082574752,0.07403077973373229,1.0
692,-124.28771083875557,0.128216712835183,1.0
693,-121.68565084742761,0.18284948495420394,0.98125
694,-122.98668084309158,0.04760481891486279,1.0
695,-124.28771083875556,0.007318515646488777,1.0
696,-124.28771083875556,0.0015976534154447108,1.0
697,-121.68565084742761,0.001560823392196653,1.0
698,-125.58874083441954,0.0017301541965366596,1.0
699,-122.98668084309159,0.002251355768578378,1.0
700,-124.28771083875556,0.0035329227316083234,1.0
701,-122.98668084309159,0.003951012750292193,1.0
702,-121.68565084742761,0.002840090955942287,1.0
703,-122.98668084309158,0.0021545092068322447,1.0
704,-128.19080082574752,0.004900850917977095,1.0
705,-121.68565084742761,0.0020853778281662017,1.0
706,-124.28771083875557,0.002714894654275213,1.0
707,-125.58874083441953,0.003732584681699791,1.0
708,-122.98668084309159,0.00425660354557067,1.0
709,-122.98668084309159,0.0008459349522809134,1.0
710,-124.28771083875556,0.0008156988904488571,1.0
711,-121.68565084742761,0.002577840153321631,1.0
712,-122.98668084309158,0.0006963058160636137,1.0
713,-124.28771083875556,0.003737501035971036,1.0
714,-121.68565084742761,0.018208015173911463,1.0
715,-125.58874083441954,0.013046875799830104,1.0
716,-125.58874083441954,0.018448001736942388,1.0
717,-124.28771083875557,0.008105870670306103,1.0
718,-126.8897708300835,0.0305495529726727,1.0
719,-121.68565084742761,0.004155573960076708,1.0
720,-124.28771083875557,0.005653077805391149,1.0
721,-124.28771083875556,0.004929194558428662,1.0
722,-122.98668084309158,0.005463061878174358,1.0
723,-124.28771083875557,0.003928664185536945,1.0
724,-124.28771083875556,0.0012682823767704576,1.0
725,-125.58874083441953,0.0009262786926456101,1.0
726,-124.28771083875557,0.0005553321968250202,1.0
727,-122.98668084309159,0.002168536973101709,1.0
728,-121.68565084742761,0.005921595636948496,1.0
729,-124.28771083875556,0.03429979806605843,1.0
730,-121.68565084742761,0.007396811105650158,1.0
731,-125.58874083441954,0.00800766377602713,1.0
732,-121.68565084742761,0.028615802693877868,1.0
733,-125.58874083441955,0.016991902749282417,1.0
734,-124.28771083875556,0.02774906317654313,1.0
735,-122.98668084309158,0.011797170485351671,1.0
736,-121.68565084742761,0.01195870211716965,1.0
737,-124.28771083875556,0.03617910250341083,1.0
738,-122.98668084309158,0.02863947277734269,1.0
739,-122.98668084309158,0.027626318099464697,1.0
740,-122.98668084309159,0.014921311793955283,1.0
741,-121.68565084742761,0.02136536442731085,1.0
742,-122.98668084309159,0.017417057112083967,1.0
743,-121.68565084742761,0.006219291370427982,1.0
744,-122.98668084309159,0.01497258549363778,1.0
745,-124.28771083875556,0.007848032746096578,1.0
746,-121.68565084742761,0.006446914491107236,1.0
747,-122.98668084309159,0.004113494566809095,1.0
748,-122.98668084309159,0.009126424977011993,1.0
749,-122.98668084309159,0.008201071281860095,1.0
750,-124.28771083875556,0.002148406899834754,1.0
751,-121.68565084742761,0.003743485997688367,1.0
752,-121.68565084742761,0.006381638328093686,1.0
753,-121.68565084742761,0.0086843862396222,1.0
754,-121.68565084742761,0.002820090061106839,1.0
755,-124.28771083875556,0.0014780111835079879,1.0
756,-122.98668084309159,0.001560548024315267,1.0
757,-122.98668084309158,0.0019568821086863863,1.0
758,-121.68565084742761,0.002983787711173136,1.0
759,-121.68565084742761,0.018143936538422167,1.0
760,-124.28771083875557,0.016031859412578342,1.0
761,-122.98668084309159,0.02261842841409134,1.0
762,-122.98668084309159,0.10904741987178568,1.0
763,-121.68565084742761,0.08237778941838769,0.9975
764,-124.28771083875556,0.024910273796876936,1.0
765,-122.98668084309159,0.02322890810125955,1.0
766,-121.68565084742761,0.046227578048274154,1.0
767,-122.98668084309159,0.04574287877068173,1.0
768,-122.98668084309158,0.009344508687036068,1.0
769,-122.98668084309158,0.03141337969873348,1.0
770,-122.98668084309159,0.08644278501333247,0.99875
771,-124.28771083875557,0.03882691945818806,1.0
772,-121.68565084742761,0.006361361230176499,1.0
773,-122.98668084309158,0.0009626379551264108,1.0
774,-122.98668084309159,0.0008249514915519285,1.0
775,-124.28771083875554,0.0012307670418749694,1.0
776,-122.98668084309159,0.0005423282747756275,1.0
777,-121.68565084742761,0.001872523167946838,1.0
778,-121.68565084742761,0.0017523360288009826,1.0
779,-122.98668084309159,0.0012751578622669513,1.0
780,-121.68565084742761,0.002724462954915907,1.0
781,-121.68565084742761,0.0026237441909984227,1.0
782,-121.68565084742761,0.002710970865791751,1.0
783,-121.68565084742761,0.0009589437591444039,1.0
784,-124.28771083875557,0.0009347422226824165,1.0
785,-122.98668084309159,0.0006722918901118646,1.0
786,-122.98668084309159,0.0032468308568809334,1.0
787,-121.68565084742761,0.0028404525804717196,1.0
788,-121.68565084742761,0.0008211177806174419,1.0
789,-122.98668084309159,0.0025047881724162835,1.0
790,-121.68565084742761,0.001576393255675157,1.0
791,-122.98668084309159,0.0013633707645226423,1.0
792,-124.28771083875556,0.002551599892399281,1.0
793,-121.68565084742761,0.0016434838906889127,1.0
794,-121.68565084742761,0.001002841785577857,1.0
795,-122.98668084309158,0.00045778231083204446,1.0
796,-124.28771083875557,0.0018244586524360784,1.0
797,-122.98668084309159,0.0015761919926262635,1.0
798,-122.98668084309159,0.0007346283469473747,1.0
799,-125.58874083441954,0.000698877152217392,1.0
800,-121.68565084742761,0.006949692971375043,1.0
801,-122.98668084309159,0.0015071787979650253,1.0
802,-124.28771083875557,0.0010014241188400774,1.0
803,-122.98668084309159,0.0013777725296790777,1.0
804,-122.98668084309159,0.00046734076028087657,1.0
805,-121.68565084742761,0.0011343989960437284,1.0
806,-121.68565084742761,0.0028242382629173335,1.0
807,-121.68565084742761,0.02470691228177202,1.0
808,-121.68565084742761,0.019463272361235795,1.0
809,-121.68565084742761,0.01694988081504789,1.0
810,-121.68565084742761,0.030683695950983747,1.0
811,-121.68565084742761,0.03248157102922278,1.0
812,-122.98668084309158,0.13830047598116835,1.0
813,-125.58874083441954,0.369427219695865,1.0
814,-121.18659042249763,0.1810522276721258,1.0
815,-121.9103707433631,0.10596854320874627,1.0
816,-121.68565084742761,0.06822629557814253,1.0
817,-122.98668084309159,0.030655299463717256,1.0
818,-121.68565084742761,0.010537863034187467,1.0
819,-124.28771083875557,0.012461619039925154,1.0
820,-122.98668084309159,0.007031611449860975,1.0
821,-124.28771083875556,0.0014014897487868438,1.0
822,-122.98668084309159,0.015770437886715172,1.0
823,-121.68565084742761,0.007393924894131487,1.0
824,-122.98668084309159,0.0022978115025580337,1.0
825,-121.68565084742761,0.0008629372325117401,1.0
826,-124.28771083875556,0.0017492465676696156,1.0
827,-122.98668084309159,0.0019281104892456824,1.0
828,-125.58874083441953,0.002440226021747094,1.0
829,-122.98668084309158,0.002898393337432026,1.0
830,-121.68565084742761,0.004651818126262697,1.0
831,-122.98668084309159,0.007613064562519867,1.0
832,-124.28771083875557,0.005624631157274962,1.0
833,-122.98668084309159,0.005826137343603932,1.0
834,-121.68565084742761,0.005736308205541718,1.0
835,-124.28771083875556,0.006971498018231159,1.0
836,-121.68565084742761,0.0037457760013808183,1.0
837,-124.28771083875556,0.003277584516808929,1.0
838,-121.68565084742761,0.0015410055587494753,1.0
839,-121.68565084742761,0.0018192298875874258,1.0
840,-122.98668084309158,0.0008856232628318139,1.0
841,-122.98668084309158,0.0005923104863541084,1.0
842,-121.68565084742761,0.0005398244432512911,1.0
843,-121.68565084742761,0.0004997001892093067,1.0
844,-121.68565084742761,0.0008536695464158583,1.0
845,-121.68565084742761,0.00045300806624481993,1.0
846,-124.28771083875554,0.0016108024710206337,1.0
847,-121.68565084742761,0.0005725124242985657,1.0
848,-121.68565084742761,0.000518077842286857,1.0
849,-124.28771083875556,0.001475335229031316,1.0
850,-124.28771083875557,0.0017938966209953833,1.0
851,-121.68565084742761,0.000563338938434299,1.0
852,-124.28771083875556,0.00033754331684576755,1.0
853,-121.68565084742761,0.00044441881834700325,1.0
854,-122.98668084309158,0.0003838444995380996,1.0
855,-121.68565084742761,0.0004436641085590054,1.0
856,-121.68565084742761,0.00041064767538046,1.0
857,-121.68565084742761,0.0004901128669416721,1.0
858,-122.98668084309159,0.0010771397003850325,1.0
859,-121.68565084742761,0.002458945835371651,1.0
860,-121.68565084742761,0.004358014156025547,1.0
861,-124.28771083875557,0.0011386003259303834,1.0
862,-121.68565084742761,0.001548741777298801,1.0
863,-121.68565084742761,0.004644828555285585,1.0
864,-121.68565084742761,0.0012784146708213484,1.0
865,-121.68565084742761,0.002028263254999274,1.0
866,-122.98668084309158,0.003515004742951078,1.0
867,-122.98668084309159,0.03228153395912159,1.0
868,-121.68565084742761,0.08784942130597528,1.0
869,-121.18659042249763,0.0915251345231809,1.0
870,-121.68565084742761,0.013656068274542577,1.0
871,-121.68565084742761,0.0028603791662931144,1.0
872,-121.68565084742761,0.009020283992867917,1.0
873,-121.68565084742761,0.024001901387293856,1.0
874,-122.98668084309158,0.005714924043729752,1.0
875,-122.98668084309159,0.005505400357321832,1.0
876,-122.98668084309159,0.0032027286307538816,1.0
877,-122.98668084309158,0.0014838625061770472,1.0
878,-122.98668084309158,0.0009959967283066362,1.0
879,-121.68565084742761,0.0007982361998983833,1.0
880,-122.98668084309159,0.0025885352671934925,1.0
881,-122.98668084309159,0.006520296965106809,1.0
882,-121.68565084742761,0.0026662970902293637,1.0
883,-124.28771083875557,0.02492002966829432,1.0
884,-122.98668084309159,0.014361961970507764,1.0
885,-124.28771083875557,0.01659248428865112,1.0
886,-121.68565084742761,0.013140049578680646,1.0
887,-122.98668084309159,0.011051235354273103,1.0
888,-121.68565084742761,0.06169781534504182,1.0
889,-121.68565084742761,0.045187053844358616,1.0
890,-121.68565084742761,0.061689850299444515,1.0
891,-122.98668084309159,0.1021471026524523,1.0
892,-121.68565084742761,0.1995982122389819,1.0
893,-121.68565084742761,0.05633341526481672,1.0
894,-121.68565084742761,0.0034265315585457756,1.0
895,-121.68565084742761,0.0011653341786654892,1.0
896,-121.68565084742761,0.0012906176410183434,1.0
897,-121.68565084742761,0.0010836969187266732,1.0
898,-121.68565084742761,0.0008730029671824013,1.0
899,-121.68565084742761,0.0008545886522597357,1.0
900,-122.98668084309158,0.0008777961639907517,1.0
901,-121.68565084742761,0.00048098786959371864,1.0
902,-122.98668084309159,0.0017313019860694112,1.0
903,-121.68565084742761,0.006928494099895488,1.0
904,-124.28771083875557,0.003769083780582605,1.0
905,-122.98668084309159,0.0013568760314797146,1.0
906,-122.98668084309159,0.0005439579306312226,1.0
907,-121.68565084742761,0.0004494372191743423,1.0
908,-121.68565084742761,0.00020843515062551887,1.0
909,-122.98668084309159,0.00016243025675066747,1.0
910,-121.68565084742761,0.00046468939871147086,1.0
911,-122.98668084309159,0.00025744297704477503,1.0
912,-121.68565084742761,0.00038533129912821096,1.0
913,-121.68565084742761,0.0003850573914405686,1.0
914,-125.58874083441954,0.0006256190274029905,1.0
915,-121.68565084742761,0.0005853604046137661,1.0
916,-122.98668084309159,0.0006082983734927438,1.0
917,-121.68565084742761,0.0005063513859226987,1.0
918,-121.68565084742761,0.001720442976193226,1.0
919,-122.98668084309159,0.00021688721847112902,1.0
920,-121.68565084742761,0.0004310367445441443,1.0
921,-121.68565084742761,0.0004362319286883576,1.0
922,-121.68565084742761,0.001451402955069625,1.0
923,-124.28771083875556,0.0013672912323272612,1.0
924,-122.98668084309159,0.0014969628750236552,1.0
925,-124.28771083875556,0.0012644134495189974,1.0
926,-121.68565084742761,0.004378196372556431,1.0
927,-122.98668084309158,0.018350618514944017,1.0
928,-122.98668084309159,0.12162415128119619,1.0
929,-121.68565084742761,0.05984131790000902,1.0
930,-122.98668084309159,0.043065349327719105,1.0
931,-121.68565084742761,0.006876439787959043,1.0
932,-122.98668084309158,0.004481603742135576,1.0
933,-121.68565084742761,0.003949851277923244,1.0
934,-121.68565084742761,0.001189307584013477,1.0
935,-121.68565084742761,0.0009295096165828909,1.0
936,-121.68565084742761,0.00022920754901178952,1.0
937,-121.68565084742761,0.00028467707045365387,1.0
938,-121.68565084742761,0.0004075580042695037,1.0
939,-124.28771083875557,0.0007437617387040518,1.0
940,-122.98668084309158,0.0011937269867985378,1.0
941,-124.28771083875557,0.00016606024399834496,1.0
942,-124.28771083875557,0.00017182540767635146,1.0
943,-124.28771083875556,0.00027257831607130356,1.0
944,-121.68565084742761,0.0003970380766418202,1.0
945,-121.68565084742761,0.002089809965355016,1.0
946,-121.68565084742761,0.0036878559735669114,1.0
947,-124.28771083875556,0.0043538946750913965,1.0
948,-122.98668084309159,0.007063802609991399,1.0
949,-121.68565084742761,0.093489403277772,1.0
950,-122.98668084309159,0.09318321163573273,1.0
951,-121.68565084742761,0.06425358145168047,1.0
952,-121.68565084742761,0.023134038521675393,1.0
953,-122.98668084309159,0.05057425985080499,1.0
954,-121.68565084742761,0.03475838606664183,1.0
955,-121.68565084742761,0.011359362626080838,1.0
956,-121.68565084742761,0.023182333205113537,1.0
957,-121.68565084742761,0.01249926880024077,1.0
958,-121.68565084742761,0.015516697895350262,1.0
959,-121.68565084742761,0.007170778952115597,1.0
960,-121.68565084742761,0.0035669382323817445,1.0
961,-121.68565084742761,0.0035132186577016,1.0
962,-121.68565084742761,0.0024823115849130772,1.0
963,-122.98668084309159,0.004476555598330378,1.0
964,-122.98668084309159,0.0016547986097634748,1.0
965,-121.68565084742761,0.0008212991738218989,1.0
966,-122.98668084309159,0.0005600295108365572,1.0
967,-121.68565084742761,0.0012026088763832377,1.0
968,-122.98668084309159,0.0031232246399781616,1.0
969,-121.68565084742761,0.0010441088103902985,1.0
970,-122.98668084309158,0.0028343792240548282,1.0
971,-122.98668084309159,0.007235559091441246,1.0
972,-121.68565084742761,0.006670633546605131,1.0
973,-121.68565084742761,0.010004112510898722,1.0
974,-122.98668084309159,0.002837627405938292,1.0
975,-121.68565084742761,0.017526068061044953,1.0
976,-121.68565084742761,0.0025374989550073224,1.0
977,-122.98668084309159,0.01955294172637423,1.0
978,-122.98668084309159,0.023036517250432098,1.0
979,-124.28771083875556,0.008429705452329017,1.0
980,-122.98668084309158,0.046377567997808455,1.0
981,-122.98668084309159,0.02872517524383511,1.0
982,-121.68565084742761,0.020320533964934384,1.0
983,-121.68565084742761,0.006764565664184374,1.0
984,-121.68565084742761,0.0005675232023349963,1.0
985,-124.28771083875556,0.0008716106214592401,1.0
986,-121.68565084742761,0.0030547194122050314,1.0
987,-122.98668084309159,0.0035305087877759433,1.0
988,-121.68565084742761,0.002098901004671916,1.0
989,-124.28771083875557,0.0018548727692291322,1.0
990,-122.98668084309159,0.0007810286298308711,1.0
991,-122.98668084309159,0.002251090992558602,1.0
992,-121.68565084742761,0.002991815587392921,1.0
993,-124.28771083875557,0.0025941553921597915,1.0
994,-121.68565084742761,0.013363617447566867,1.0
995,-121.68565084742761,0.011739300226111027,1.0
996,-122.98668084309159,0.003361827548189922,1.0
997,-121.68565084742761,0.0034073219306378633,1.0
998,-121.68565084742761,0.007549083011554103,1.0
999,-121.68565084742761,0.027344458894788204,1.0
1000,-121.98668084309159,0.014174729122487406,1.0
