Timestamp,Throughput,LossRate,Latency,SendingRate,time,CCA
2024-05-30 07:31:40,-2.063979066411903,16.2927509241959,3.1512226379085796e-17,-3.328243864367036,-1.712318407399808,CUBIC
2024-05-30 07:31:41,-0.17082276433702054,0.5803588526265107,3.1512226379085796e-17,-0.28275724392170914,-1.6807739899177816,CUBIC
2024-05-30 07:31:42,0.5044218839737612,-0.011852610285938066,3.1512226379085796e-17,-0.9165865232817717,-1.6492295724357553,CUBIC
2024-05-30 07:31:43,1.5903417285133368,-0.04735737997575269,3.1512226379085796e-17,-0.7559401878408838,-1.617685154953729,CUBIC
2024-05-30 07:31:44,1.7583138100018691,-0.06048685834021385,3.1512226379085796e-17,-0.8677773592111767,-1.5861407374717025,CUBIC
2024-05-30 07:31:45,1.6015773192483556,-0.0663302777878889,9.74096129520788,-0.9510461171492025,-1.5545963199896762,CUBIC
2024-05-30 07:31:46,2.0172941764440546,-0.06970625963398253,-0.37033226662579044,-0.959252679940476,-1.5230519025076499,CUBIC
2024-05-30 07:31:47,2.2161641324538888,-0.07200309907702727,-0.3977831538065689,-0.9612545205063014,-1.4915074850256236,CUBIC
2024-05-30 07:31:48,2.0060585857090354,-0.07355909631448039,-0.4224320419806774,-0.9521353897145103,-1.4599630675435973,CUBIC
2024-05-30 07:31:49,1.859434126617039,-0.0746393119373254,-0.42601848744561277,-0.9539411387140087,-1.4284186500615708,CUBIC
2024-05-30 07:31:50,1.8453896381982655,-0.0754489263529482,-0.4231770853698181,-1.0438686141246303,-1.3968742325795445,CUBIC
2024-05-30 07:31:51,1.900444032799858,-0.07609316751784789,-0.4294634679065583,-1.0105434980686248,-1.3653298150975182,CUBIC
2024-05-30 07:31:52,2.1661657536830545,-0.0766346273038511,-0.43189201762648094,-1.0018940620029335,-1.3337853976154919,CUBIC
2024-05-30 07:31:53,1.8847142057708315,-0.07707970987389684,-0.4292677746645913,-1.0184009908624527,-1.3022409801334656,CUBIC
2024-05-30 07:31:54,2.009991042466292,-0.07744489412457736,-0.42632990042106367,-0.9992420168623768,-1.2706965626514393,CUBIC
2024-05-30 07:31:55,2.1077406818609563,-0.07776387013352859,-0.42696097499002317,-0.9797945895926251,-1.2391521451694127,CUBIC
2024-05-30 07:31:56,2.1392003359190093,-0.07804171722743639,-0.4274852844929657,-1.0167370167033125,-1.2076077276873864,CUBIC
2024-05-30 07:31:57,2.0695396733618923,-0.07828134245941709,-0.430990821880726,-1.0081301110355454,-1.1760633102053601,CUBIC
2024-05-30 07:31:58,2.018979515054307,-0.0784881429489678,-0.4277715564208171,-0.9912363275929376,-1.1445188927233338,CUBIC
2024-05-30 07:31:59,1.2381059589704946,-0.0786536455573967,-0.4294356474077972,-0.795381634229024,-1.1129744752413075,CUBIC
2024-05-30 07:32:00,2.1369532177720054,-0.0788042724021499,-0.4302211690510214,-1.0263653194012992,-1.0814300577592812,CUBIC
2024-05-30 07:32:01,1.9274094505639032,-0.07895262518926602,-0.4296371445397731,-0.8888516452822371,-1.0498856402772547,CUBIC
2024-05-30 07:32:02,1.4313581196128193,-0.07907527206423844,-0.43059632060276776,-0.9037207269651892,-1.0183412227952284,CUBIC
2024-05-30 07:32:03,1.951004191107443,-0.07918729917689038,-0.4289535454943184,-1.0051840406042871,-0.9867968053132022,CUBIC
2024-05-30 07:32:04,1.880219969476824,-0.07929591147779212,-0.41602867163321716,-0.9836797103134298,-0.9552523878311759,CUBIC
2024-05-30 07:32:05,2.0251590899585676,-0.07939613299603744,-0.4307916860320876,-0.9906449433503006,-0.9237079703491495,CUBIC
2024-05-30 07:32:06,2.140323894992511,-0.07949096752049237,-0.42849287230357597,-1.0008074112913545,-0.8921635528671232,CUBIC
2024-05-30 07:32:07,1.8886466625280882,-0.07957675566885113,-0.42053915448961204,-1.0390206151648058,-0.8606191353850969,CUBIC
2024-05-30 07:32:08,2.022911971811564,-0.07965479159788204,-0.42804684908866747,-0.9536736253255906,-0.8290747179030705,CUBIC
2024-05-30 07:32:09,2.111111359081462,-0.07972905645173087,-0.4272341565875288,-0.9850511222450536,-0.7975303004210442,CUBIC
2024-05-30 07:32:10,1.7043829744737784,-0.07979543106428172,-0.42901148653160187,-0.9800000202758962,-0.7659858829390179,CUBIC
2024-05-30 07:32:11,2.2262761641154056,-0.07985811741950062,-0.4312770623895051,-0.958515025000292,-0.7344414654569915,CUBIC
2024-05-30 07:32:12,2.1071789023242053,-0.07991954574785247,-0.42766352607775954,-1.0133542501690034,-0.7028970479749652,CUBIC
2024-05-30 07:32:13,1.911117843998126,-0.0799748035364418,-0.4289194015236799,-0.9958327864957323,-0.6713526304929389,CUBIC
2024-05-30 07:32:14,1.8038179524786955,-0.08002473523905108,-0.43034901839813067,-0.9713462526164329,-0.6398082130109125,CUBIC
2024-05-30 07:32:15,1.9133649621451296,-0.0800717445685528,-0.4250956995326384,-0.9555526028180731,-0.6082637955288862,CUBIC
2024-05-30 07:32:16,1.8628048038375447,-0.08011641260632373,-0.43166541025487987,-0.9536866844829817,-0.5767193780468599,CUBIC
2024-05-30 07:32:17,1.638654768673918,-0.08015717750168316,-0.4300417156156076,-0.9792880461291544,-0.5451749605648335,CUBIC
2024-05-30 07:32:18,1.3499000867839326,-0.08019327517426861,-0.4284195356832895,-0.7842313880063596,-0.5136305430828072,CUBIC
2024-05-30 07:32:19,1.7156185652087972,-0.08022798883006496,-0.4262628030415031,-0.9387242640879199,-0.4820861256007808,CUBIC
2024-05-30 07:32:20,1.8026943934051938,-0.08026310530599001,-0.42756409547345864,-1.0008809194097334,-0.45054170811875444,CUBIC
2024-05-30 07:32:21,1.7442693215830956,-0.08029663614208851,-0.42746294012666597,-1.003935003544406,-0.41899729063672814,CUBIC
2024-05-30 07:32:22,2.0627983189208807,-0.08032961130441595,-0.4233400222740386,-0.9350914745347438,-0.3874528731547018,CUBIC
2024-05-30 07:32:23,1.4959627663391781,-0.08036006436108678,-0.41890532216933996,-0.8788834832002863,-0.35590845567267543,CUBIC
2024-05-30 07:32:24,1.697641620032767,-0.08038775549341563,-0.4242434659726028,-0.9632252620167341,-0.3243640381906491,CUBIC
2024-05-30 07:32:25,2.0375182397670883,-0.08041618105310448,-0.42653533159773194,-0.8960163224911905,-0.2928196207086228,CUBIC
2024-05-30 07:32:26,1.5218046250297215,-0.0804427635056812,-0.42486970884115477,-0.8956525312667044,-0.2612752032265964,CUBIC
2024-05-30 07:32:27,1.9858345223860014,-0.08046801885147797,-0.42949013588299634,-0.9132280008232511,-0.2297307857445701,CUBIC
2024-05-30 07:32:28,1.4954009868024272,-0.08049216526455456,-0.42254313647086206,-0.8520110026802207,-0.19818636826254374,CUBIC
2024-05-30 07:32:29,1.7077536516942842,-0.08051448565010154,-0.4244702337716878,-0.8058382996659456,-0.1666419507805174,CUBIC
2024-05-30 07:32:30,1.292036794498585,-0.08053537507671876,-0.42891201308376514,-0.778057403876292,-0.13509753329849108,CUBIC
2024-05-30 07:32:31,1.5773307902920108,-0.08055512536490693,-0.4213721565113306,-0.9280273924913528,-0.10355311581646474,CUBIC
2024-05-30 07:32:32,1.504389459390442,-0.08057475220051692,-0.4292899780288483,-0.8866193487569131,-0.07200869833443842,CUBIC
2024-05-30 07:32:33,1.5330402157647403,-0.08059356246007854,-0.42194920968289135,-0.9206913903480536,-0.04046428085241207,CUBIC
2024-05-30 07:32:34,1.2611389199772833,-0.08061111296988616,-0.4241197633144773,-0.9014434230559267,-0.008919863370385733,CUBIC
2024-05-30 07:32:35,1.5459611451100121,-0.0806281041239547,-0.41732177478131244,-1.0000592979173317,0.022624554111640605,CUBIC
2024-05-30 07:32:36,1.3970895678710118,-0.08064486179214284,-0.4228321722199482,-0.864098686712614,0.05416897159366694,CUBIC
2024-05-30 07:32:37,1.2903514558883324,-0.08066049151312334,-0.42197032614370467,-0.8500634597500059,0.08571338907569327,CUBIC
2024-05-30 07:32:38,1.3375409369754117,-0.08067550245074816,-0.42147279439786495,-0.8768175620982924,0.11725780655771961,CUBIC
2024-05-30 07:32:39,1.0695720979452112,-0.08068959186717851,-0.41692957465737884,-0.7757261111073394,0.14880222403974597,CUBIC
2024-05-30 07:32:40,1.0875490431212413,-0.08070275400782002,-0.4223068497922703,-0.6860112511648337,0.1803466415217723,CUBIC
2024-05-30 07:32:41,1.292036794498585,-0.08071599734897857,-0.4195614015606833,-0.9127259018585273,0.21189105900379865,CUBIC
2024-05-30 07:32:42,1.0330564280563999,-0.08072876685520543,-0.4171167145599284,-0.7534522382600474,0.24343547648582498,CUBIC
2024-05-30 07:32:43,0.7482342029236712,-0.08074015389400732,-0.4186511491924711,-0.704536593964461,0.27497989396785133,CUBIC
2024-05-30 07:32:44,0.7325043758946447,-0.0807506968530989,-0.41353826307661096,-0.797635178765336,0.30652431144987763,CUBIC
2024-05-30 07:32:45,0.7268865805271353,-0.08076095388057315,-0.41272657693107856,-0.8134355795873175,0.338068728931904,CUBIC
2024-05-30 07:32:46,0.4353230009533951,-0.08077045097839963,-0.41855997405347356,-0.8108395324882748,0.36961314641393034,CUBIC
2024-05-30 07:32:47,0.647675665845252,-0.08077960270223287,-0.4111354598675617,-0.9112223194015633,0.4011575638959567,CUBIC
2024-05-30 07:32:48,0.5049836635105122,-0.0807886828270533,-0.4046029922918106,-0.7366925661942911,0.432701981377983,CUBIC
2024-05-30 07:32:49,0.10612019241734164,-0.08079667058847959,-0.40445729162993627,-0.7463000540206868,0.46424639886000935,CUBIC
2024-05-30 07:32:50,0.19151068200348517,-0.0808039917287987,-0.40444169446841066,-0.6276162022847852,0.4957908163420357,CUBIC
2024-05-30 07:32:51,0.34431471599974206,-0.08081156801566655,-0.3940601135737714,-0.7868914234158338,0.527335233824062,CUBIC
2024-05-30 07:32:52,1.0431684597179167,-0.08082034828866443,-0.4024830164941719,-0.8440879081220208,0.5588796513060883,CUBIC
2024-05-30 07:32:53,0.29206921908190425,-0.08082887105739632,-0.39842345912175803,-0.7174217668352049,0.5904240687881146,CUBIC
2024-05-30 07:32:54,0.1752190754377078,-0.08083589954695389,-0.3861133617847624,-0.6741206138875463,0.621968486270141,CUBIC
2024-05-30 07:32:55,0.33532624341172695,-0.0808428694189269,-0.3862336900503288,-0.7041676989711744,0.6535129037521673,CUBIC
2024-05-30 07:32:56,0.05162757735250002,-0.080849539419841,-0.3920520991121044,-0.765114881301102,0.6850573212341936,CUBIC
2024-05-30 07:32:57,0.05949249086701325,-0.0808556993002851,-0.4123048115121586,-0.635874748477337,0.71660173871622,CUBIC
2024-05-30 07:32:58,0.06791918391827742,-0.08086178616482066,-0.3889139678984773,-0.6465403721876697,0.7481461561982463,CUBIC
2024-05-30 07:32:59,0.07859299511654537,-0.08086780508887406,-0.3864312873292132,-0.7446215081982759,0.7796905736802726,CUBIC
2024-05-30 07:33:00,0.20377982293595193,-0.0808739172161008,-0.3921300901144575,-0.5378622192869653,0.811234991162299,CUBIC
2024-05-30 07:33:01,0.08205368121310505,-0.08087993866452205,-0.38044349373142405,-0.5836688545574407,0.8427794086443253,CUBIC
2024-05-30 07:33:02,0.15836568933517944,-0.0808858040446396,-0.3815343651926223,-0.6909387921684201,0.8743238261263517,CUBIC
2024-05-30 07:33:03,1.212825879816702,-0.08089305406520632,-0.38157763033722725,-0.9767639291125707,0.905868243608378,CUBIC
2024-05-30 07:33:04,0.11286154685835298,-0.08090011533500595,-0.37999239087791015,-0.7479565629381191,0.9374126610904043,CUBIC
2024-05-30 07:33:05,0.20724050903251162,-0.08090577159004812,-0.38654398168614745,-0.6850780272249927,0.9689570785724307,CUBIC
2024-05-30 07:33:06,0.10668197195409258,-0.080911334138391,-0.3810152120249695,-0.7195881019699748,1.0005014960544572,CUBIC
2024-05-30 07:33:07,0.0993788379763303,-0.08091667996774408,-0.3852527557185392,-0.6895153122005376,1.0320459135364835,CUBIC
2024-05-30 07:33:08,-0.07364925934296057,-0.08092173013956598,-0.41585639608557223,-0.7365272951334636,1.0635903310185097,CUBIC
2024-05-30 07:33:09,0.05949249086701325,-0.08092666128216915,-0.3821935630248052,-0.4898096557545246,1.095134748500536,CUBIC
2024-05-30 07:33:10,0.11454688546860581,-0.0809317454868063,-0.38708504592604587,-0.6115494165501367,1.1266791659825626,CUBIC
2024-05-30 07:33:11,0.14937721674716434,-0.08093686095695139,-0.38319615932495277,-0.7850199446388253,1.1582235834645889,CUBIC
2024-05-30 07:33:12,0.13252383064463602,-0.08094192294040146,-0.38101798933569325,-0.6018147290470175,1.1897680009466152,CUBIC
2024-05-30 07:33:13,0.11904112176261336,-0.0809468777605601,-0.3717403188375571,-0.5860956907680216,1.2213124184286415,CUBIC
2024-05-30 07:33:14,0.7448635257031655,-0.08095243774525648,-0.3804117709611656,-0.7932202011674032,1.2528568359106678,CUBIC
2024-05-30 07:33:15,0.3021812507434213,-0.08095811050071547,-0.38336448419367186,-0.7269090490109642,1.2844012533926943,CUBIC
2024-05-30 07:33:16,0.24712685614182867,-0.0809631555204117,-0.3847553113365202,-0.750580326822041,1.3159456708747206,CUBIC
2024-05-30 07:33:17,0.2813954078836363,-0.08096810351196976,-0.382081042233574,-0.5845503877036441,1.3474900883567469,CUBIC
2024-05-30 07:33:18,0.09095214492506615,-0.08097281720328754,-0.38369326162554673,-0.7040189909023907,1.3790345058387732,CUBIC
2024-05-30 07:33:19,0.029156395882462254,-0.08097720560840431,-0.4054634918334849,-0.6416069098451452,1.4105789233207995,CUBIC
2024-05-30 07:33:20,0.26959803761186646,-0.08098171609935392,-0.3901555184631567,-0.6733580137396661,1.4421233408028258,CUBIC
2024-05-30 07:33:21,0.11454688546860581,-0.08098625105487157,-0.3887831375345719,-0.6642276197244434,1.4736677582848523,CUBIC
2024-05-30 07:33:22,0.2488121947520815,-0.08099070217245145,-0.3897290890488829,-0.661178962256153,1.5052121757668786,CUBIC
2024-05-30 07:33:23,0.1437594213796549,-0.08099512130956144,-0.3811538081524997,-0.6423981574166673,1.536756593248905,CUBIC
2024-05-30 07:33:24,0.28083362834688536,-0.0809995106895029,-0.37969074358698685,-0.6441513788907466,1.5683010107309312,CUBIC
2024-05-30 07:33:25,1.030247530372645,-0.08100467412212253,-0.39017736574207973,-0.9509759177008941,1.5998454282129575,CUBIC
2024-05-30 07:33:26,0.22184677698803618,-0.0810097027818917,-0.3827425848441304,-0.6610270910224066,1.6313898456949838,CUBIC
2024-05-30 07:33:27,0.31229328240493825,-0.08101399409575885,-0.3882617273851135,-0.6434724808556556,1.6629342631770103,CUBIC
2024-05-30 07:33:28,0.01342656885343581,-0.08101803908470238,-0.3837140937728174,-0.6451166743555735,1.6944786806590366,CUBIC
2024-05-30 07:33:29,0.30723726657417977,-0.08102202638834663,-0.39196593485055037,-0.6880512139589173,1.726023098141063,CUBIC
2024-05-30 07:36:41,1.4544605271231152,0.1760456277147285,-0.37909551029543853,-0.9678563823406248,-1.712318407399808,PCC
2024-05-30 07:36:42,2.3279582602673266,-0.05846202763939025,-0.37373615506187474,-0.9903346494204606,-1.6807739899177816,PCC
2024-05-30 07:36:43,1.9858345223860014,-0.06880355543105557,-0.3819803513304275,-0.6858450032623994,-1.6492295724357553,PCC
2024-05-30 07:36:44,1.8206713385812239,-0.07253195024191708,-0.37259502751278734,-0.8345205482678539,-1.617685154953729,PCC
2024-05-30 07:36:45,1.8622430243007937,-0.07454536814096005,-0.377130545930568,-0.7357089016086439,-1.5861407374717025,PCC
2024-05-30 07:36:46,1.4723680257956384,-0.07578398801404959,-0.3763546539728769,-0.758639841374414,-1.5545963199896762,PCC
2024-05-30 07:36:47,1.3577650002984456,-0.0766008959301378,-0.37589576336769437,-0.8499293910949373,-1.5230519025076499,PCC
2024-05-30 07:36:48,1.6302280756226537,-0.07722823954847181,-0.3787511524888701,-0.26912463534112163,-1.4915074850256236,PCC
2024-05-30 07:36:49,1.466188450891378,-0.07772415322366605,-0.37148667999023277,-0.11055169930820545,-1.4599630675435973,PCC
2024-05-30 07:36:50,1.3802361817684834,-0.07810703598834166,-0.3774875230293063,-0.1679403659868418,-1.4284186500615708,PCC
2024-05-30 07:36:51,0.80937816355347,-0.07839487491659262,-0.3773993957890172,-0.49591366389351776,-1.3968742325795445,PCC
2024-05-30 07:36:52,0.911240277457499,-0.0786217589516903,-0.3781668724851833,-0.04761947084995304,-1.3653298150975182,PCC
2024-05-30 07:36:53,0.8577812125901053,-0.07882055766696444,-0.3744472835520629,0.6381256539470834,-1.3337853976154919,PCC
2024-05-30 07:36:54,0.8049739361355165,-0.07899176094902166,-0.3834379963704,0.45018474806466713,-1.3022409801334656,PCC
2024-05-30 07:36:55,0.6330693978897275,-0.07913780941744808,-0.3791489352002556,0.5924069199392518,-1.2706965626514393,PCC
2024-05-30 07:36:56,0.39206597662357234,-0.07925934614829357,-0.3740853565472417,0.5420634657246844,-1.2391521451694127,PCC
2024-05-30 07:36:57,0.21903787930428145,-0.07936109168289913,-0.3770373930300675,0.2995576330906351,-1.2076077276873864,PCC
2024-05-30 07:36:58,0.016797246073941476,-0.0794473562216953,-0.374996217392796,0.9847818610225109,-1.1760633102053601,PCC
2024-05-30 07:36:59,-0.003426817249092524,-0.07952332639295528,-0.3836884880015406,1.2803958045892945,-1.1445188927233338,PCC
2024-05-30 07:37:01,0.03140351402946603,-0.07966480774373051,-0.32125707684671856,1.1358118944827884,-1.0814300577592812,PCC
2024-05-30 07:37:02,-0.1017382361805078,-0.07972543129842453,-0.4321702589397301,0.8352458022689074,-1.0498856402772547,PCC
2024-05-30 07:37:03,0.011179450706432031,-0.07978212909784559,-0.4311380258163766,0.9124664656032759,-1.0183412227952284,PCC
2024-05-30 07:37:04,-0.08488485007797945,-0.07983579665040505,-0.4288328938695635,0.9039009663663242,-0.9867968053132022,PCC
2024-05-30 07:37:05,0.08477257002080575,-0.07988729993458589,-0.42624808277359655,0.8501593469874159,-0.9552523878311759,PCC
2024-05-30 07:37:06,0.03589775032347358,-0.07993733953043923,-0.42528791092010004,0.7328062746467151,-0.9237079703491495,PCC
2024-05-30 07:37:07,0.0005056395081640869,-0.07998367130936287,-0.4199239037131841,1.2013931328305867,-0.8921635528671232,PCC
2024-05-30 07:37:08,0.1409505236959002,-0.08002860320455292,-0.41922946739660194,1.0709424236939498,-0.8606191353850969,PCC
2024-05-30 07:37:09,-0.014662407984111411,-0.0800710305876338,-0.4245582035257203,1.1737494902517323,-0.8290747179030705,PCC
2024-05-30 07:37:10,0.08758146770456048,-0.08011075904199408,-0.4198620933889702,1.0798831773924504,-0.7975303004210442,PCC
2024-05-30 07:37:11,0.06005427040376419,-0.08014918057479463,-0.41740456696652484,1.1623278708509066,-0.7659858829390179,PCC
2024-05-30 07:37:12,0.01735902561069242,-0.0801851212584687,-0.40835376313844635,0.9575677314128087,-0.7344414654569915,PCC
2024-05-30 07:37:13,0.09656994029257558,-0.08021964846172278,-0.41026800571965166,1.0835979440133277,-0.7028970479749652,PCC
2024-05-30 07:37:14,0.004999875802171642,-0.08025248377730299,-0.4052879983847739,1.203776180264206,-0.6713526304929389,PCC
2024-05-30 07:37:15,-0.03713358945414919,-0.08028285657568113,-0.4078459927016344,1.4939047484772314,-0.6398082130109125,PCC
2024-05-30 07:37:16,-0.07252570026945868,-0.08031138301528305,-0.4020950512471147,1.3116127211198623,-0.6082637955288862,PCC
2024-05-30 07:37:17,0.016235466537190532,-0.08033907451973654,-0.3893491123107195,1.2884764325024234,-0.5767193780468599,PCC
2024-05-30 07:37:18,0.08364901094730387,-0.08036663024060897,-0.38483120570545826,1.324931060498691,-0.5451749605648335,PCC
2024-05-30 07:37:19,-0.05061629833617186,-0.0803926365393883,-0.3781380353022884,1.0103866272342257,-0.5136305430828072,PCC
2024-05-30 07:37:20,0.05162757735250002,-0.08041739843890101,-0.3771843599070833,1.184387903088728,-0.4820861256007808,PCC
2024-05-30 07:37:21,0.005561655338922587,-0.0804415136994181,-0.37876055471967707,1.0938042774215122,-0.45054170811875444,PCC
2024-05-30 07:37:22,0.10218773566008503,-0.08046495672714844,-0.37934932459658627,0.8374525259463022,-0.41899729063672814,PCC
2024-05-30 07:37:23,-0.13263611070180975,-0.08048678461983574,-0.3734097328368618,1.254029738659529,-0.3874528731547018,PCC
2024-05-30 07:37:24,0.005561655338922587,-0.08050731619568419,-0.37449610657962407,1.0456675500201575,-0.35590845567267543,PCC
2024-05-30 07:37:25,-0.06241366860794169,-0.08052747243929177,-0.3753549940298505,0.954783961039223,-0.3243640381906491,PCC
2024-05-30 07:37:26,0.0752223178960397,-0.08054723756645725,-0.3829526981352238,0.9979397954262711,-0.2928196207086228,PCC
2024-05-30 07:37:27,-0.09218798405574173,-0.08056618429407325,-0.3760479357614808,0.8462062241483383,-0.2612752032265964,PCC
2024-05-30 07:37:28,0.021853261904699973,-0.0805842406242818,-0.37930923654745613,1.2428259224451121,-0.2297307857445701,PCC
2024-05-30 07:37:29,-0.0955586612762474,-0.08060168706250465,-0.38077408358844694,1.3080475933148055,-0.19818636826254374,PCC
2024-05-30 07:37:30,0.04095376615423208,-0.08061863485150329,-0.38076840173834575,1.4733444713120138,-0.1666419507805174,PCC
2024-05-30 07:37:31,-0.0073592740063491355,-0.0806353854293254,-0.37486063533712516,1.1945884209073843,-0.13509753329849108,PCC
2024-05-30 07:37:32,0.010055891632930143,-0.08065147199538256,-0.383889299422796,1.164645542937613,-0.10355311581646474,PCC
2024-05-30 07:37:33,0.12915315342413033,-0.08066755398943483,-0.3745148284647174,1.3542656082942153,-0.07200869833443842,PCC
2024-05-30 07:37:34,-0.052301636946424694,-0.0806828995492536,-0.3858117766303034,1.063706162430127,-0.04046428085241207,PCC
2024-05-30 07:37:35,0.04600978198499058,-0.08069746857123036,-0.3745654199024954,1.1597095776721027,-0.008919863370385733,PCC
2024-05-30 07:37:36,-0.03825714852765108,-0.08071164990464566,-0.3719570277980085,1.9170073461123671,0.022624554111640605,PCC
2024-05-30 07:37:37,-0.005112155859345357,-0.080725238308195,-0.3770784145541418,1.268431408721816,0.05416897159366694,PCC
2024-05-30 07:37:38,0.038706648007228305,-0.080738674456601,-0.37832364187275536,1.093303533514625,0.08571338907569327,PCC
2024-05-30 07:37:39,0.15050077582066623,-0.08075219939559562,-0.3770908462024913,1.2308316003373378,0.11725780655771961,PCC
2024-05-30 07:37:40,0.12297357851986997,-0.08076557553399587,-0.3789335607819927,1.3454146447773314,0.14880222403974597,PCC
2024-05-30 07:37:41,0.0589307113302623,-0.08077828608098729,-0.37909551029543853,1.306566851277524,0.1803466415217723,PCC
2024-05-30 07:37:42,0.056683593183258524,-0.0807904415853966,-0.37373615506187474,1.0561448411638956,0.21189105900379865,PCC
2024-05-30 07:37:43,0.11342332639510391,-0.0808024048126333,-0.3819803513304275,1.4830672090835555,0.24343547648582498,PCC
2024-05-30 07:37:44,-0.10623247247451535,-0.08081360183832005,-0.37259502751278734,1.5398392628190851,0.27497989396785133,PCC
2024-05-30 07:37:45,-0.027583337329383135,-0.08082412946872747,-0.377130545930568,1.0113952610770336,0.30652431144987763,PCC
2024-05-30 07:37:46,0.07578409743279065,-0.08083485224005042,-0.3763546539728769,1.4436647710796946,0.338068728931904,PCC
2024-05-30 07:37:47,-0.05342519601992658,-0.08084523318940183,-0.37589576336769437,1.291554512000778,0.36961314641393034,PCC
2024-05-30 07:37:48,-0.1157827245992814,-0.08085488467470692,-0.3787511524888701,1.4582180486768763,0.4011575638959567,PCC
2024-05-30 07:37:49,-0.0107299512268548,-0.08086440245316126,-0.37148667999023277,1.236260992714739,0.432701981377983,PCC
2024-05-30 07:37:50,0.017920805147443365,-0.08087399716972299,-0.3774875230293063,0.8228866053991911,0.46424639886000935,PCC
2024-05-30 07:37:51,0.06342494762426987,-0.08088351943249178,-0.3773993957890172,0.967941260151265,0.4957908163420357,PCC
2024-05-30 07:37:52,0.019044364220945253,-0.08089281016998337,-0.3781668724851833,1.2463303963747376,0.527335233824062,PCC
2024-05-30 07:37:53,0.13589450786514168,-0.0809020258706723,-0.3744472835520629,1.2289611084851475,0.5588796513060883,PCC
2024-05-30 07:37:54,0.0842107904840548,-0.0809111513138608,-0.3834379963704,1.187336573448229,0.5904240687881146,PCC
2024-05-30 07:37:55,0.09207570399856803,-0.08091996264967578,-0.3791489352002556,1.5699477821425065,0.621968486270141,PCC
2024-05-30 07:37:56,0.032527073102967916,-0.08092845889287595,-0.3740853565472417,1.1145755269776376,0.6535129037521673,PCC
2024-05-30 07:37:57,-0.028706896402885023,-0.08093652220724122,-0.3770373930300675,1.1688799029002188,0.6850573212341936,PCC
2024-05-30 07:37:58,0.11005264917459825,-0.08094454868795081,-0.374996217392796,0.9813337155569892,0.71660173871622,PCC
2024-05-30 07:37:59,0.024662159588454698,-0.08095249209043268,-0.3836884880015406,1.602815512249733,0.7481461561982463,PCC
2024-05-30 07:38:01,0.07971655419004725,-0.08096766386232666,-0.32125707684671856,1.7114761207727953,0.811234991162299,PCC
2024-05-30 07:38:02,0.07803121557979442,-0.08097512464518743,-0.4321702589397301,1.2284172984427295,0.8427794086443253,PCC
2024-05-30 07:38:03,-0.005673935396096302,-0.08098227675749572,-0.4311380258163766,1.210882160600813,0.8743238261263517,PCC
2024-05-30 07:38:04,0.04151554569098303,-0.08098921406998238,-0.4288328938695635,0.9480705513980415,0.905868243608378,PCC
2024-05-30 07:38:05,0.050504018278998135,-0.08099609580885095,-0.42624808277359655,1.38284165344014,0.9374126610904043,PCC
2024-05-30 07:38:06,-0.07982883424722097,-0.08100264112559606,-0.42528791092010004,1.219434867003521,0.9689570785724307,PCC
2024-05-30 07:38:07,0.056683593183258524,-0.08100906140612713,-0.4199239037131841,1.0838896527030315,1.0005014960544572,PCC
2024-05-30 07:38:08,-0.0017414786388396906,-0.08101547072622105,-0.41922946739660194,1.2455482247881773,1.0320459135364835,PCC
2024-05-30 07:38:09,0.10949086963784731,-0.08102182804935724,-0.4245582035257203,1.1293327872514642,1.0635903310185097,PCC
2024-05-30 07:38:10,-0.09949111803350401,-0.08102791515661589,-0.4198620933889702,1.1552590593107372,1.095134748500536,PCC
2024-05-30 07:38:11,-0.02983045547638691,-0.08103368124651521,-0.41740456696652484,1.210700717829956,1.1266791659825626,PCC
2024-05-30 07:38:12,0.19151068200348517,-0.08103974582729695,-0.40835376313844635,1.2527053125527898,1.1582235834645889,PCC
2024-05-30 07:38:13,0.03421241171322075,-0.08104577842592242,-0.41026800571965166,1.059575367675149,1.1897680009466152,PCC
2024-05-30 07:38:14,-0.09218798405574173,-0.08105130809546104,-0.4052879983847739,1.419591835812517,1.2213124184286415,PCC
2024-05-30 07:38:15,0.0903903653883152,-0.08105680742120373,-0.4078459927016344,1.1430374510207495,1.2528568359106678,PCC
2024-05-30 07:38:16,-0.03769536899090014,-0.08106227481395561,-0.4020950512471147,1.0096618794749868,1.2844012533926943,PCC
2024-05-30 07:38:17,-0.020280203351620858,-0.08106749819468585,-0.3893491123107195,0.8033736171124581,1.3159456708747206,PCC
2024-05-30 07:38:18,-0.0107299512268548,-0.08107266118996519,-0.38483120570545826,1.348568284212685,1.3474900883567469,PCC
2024-05-30 07:38:19,0.11005264917459825,-0.08107788997672932,-0.3781380353022884,1.252023659360462,1.3790345058387732,PCC
2024-05-30 07:38:20,-0.011943519176410709,-0.08108302093830667,-0.3771843599070833,1.0808697929233502,1.4105789233207995,PCC
2024-05-30 07:38:21,-0.017381296791812117,-0.08108790758611689,-0.37876055471967707,0.8484869424645778,1.4421233408028258,PCC
2024-05-30 07:38:22,-0.06859324351220207,-0.08109264246513283,-0.37934932459658627,1.0000552032571182,1.4736677582848523,PCC
2024-05-30 07:38:23,0.2044316113487569,-0.08109754761756206,-0.3734097328368618,1.2892739971885547,1.5052121757668786,PCC
2024-05-30 07:38:24,-0.07364925934296057,-0.08110236070769633,-0.37449610657962407,0.9097646232424339,1.536756593248905,PCC
2024-05-30 07:38:25,0.05443647503625475,-0.08110692115090658,-0.3753549940298505,1.2133900601728307,1.5683010107309312,PCC
2024-05-30 07:38:26,-0.06241366860794169,-0.08111141736951628,-0.3829526981352238,1.0997034932728451,1.5998454282129575,PCC
2024-05-30 07:38:27,-0.015224187520862357,-0.08111576282048144,-0.3760479357614808,1.2239312697804432,1.6313898456949838,PCC
2024-05-30 07:38:28,0.03702130939697547,-0.08112013979826482,-0.37930923654745613,1.4609344223116023,1.6629342631770103,PCC
2024-05-30 07:38:29,-0.0702785821224549,-0.08112438774371176,-0.38077408358844694,1.0863562566373595,1.6944786806590366,PCC
2024-05-30 07:38:30,0.01735902561069242,-0.08112854545576718,-0.38076840173834575,1.1559014364595088,1.726023098141063,PCC
2024-05-30 07:31:39,-1.0381552774408251,0.6489884391961697,0.7068513361964871,-1.0544294380039043,-1.712318407399808,BBR
2024-05-30 07:31:40,1.6100040122996198,-0.029689254665297447,0.6453079096662092,-0.9691823121317986,-1.6807739899177816,BBR
2024-05-30 07:31:41,0.15443323257792285,-0.059738532546081,0.5765189135373289,-0.5009201436649422,-1.6492295724357553,BBR
2024-05-30 07:31:42,-0.9219363598368866,-0.06482227740886558,0.592618220689738,-0.8574620047595818,-1.617685154953729,BBR
2024-05-30 07:31:43,-1.525849361844152,-0.06654069841925923,0.5336551788383642,0.15550369673411588,-1.5861407374717025,BBR
2024-05-30 07:31:44,-1.8735908950929865,-0.06717715395548188,0.4645012228097067,0.015125296103332712,-1.5545963199896762,BBR
2024-05-30 07:31:45,-1.9629138414363867,-0.0674158101574154,0.40591923484921644,-0.2926776647772599,-1.5230519025076499,BBR
2024-05-30 07:31:46,-1.9859468024431755,-0.06755844673558845,0.4253378796995302,-0.09503968991397392,-1.4915074850256236,BBR
2024-05-30 07:31:47,-2.0050473066927075,-0.06766562238827124,0.3689221137198463,-0.7190907184686639,-1.4599630675435973,BBR
2024-05-30 07:31:48,-2.01853001557473,-0.06774622313534241,0.503224000057638,-0.2266013459580529,-1.4284186500615708,BBR
2024-05-30 07:31:49,-2.0162828974277263,-0.067817355001368,0.38939643410581326,-1.1795150100047338,-1.3968742325795445,BBR
2024-05-30 07:31:50,-2.0365069607507604,-0.06787426857965123,0.7928961638528134,1.1731965412595016,-1.3653298150975182,BBR
2024-05-30 07:31:51,-2.012912220207221,-0.06793318491850961,0.33056091318823744,-2.3115353750638477,-1.3337853976154919,BBR
2024-05-30 07:31:52,-2.0078562043764623,-0.06801278141790522,0.13873894667215664,-1.6238200414055481,-1.3022409801334656,BBR
2024-05-30 07:31:53,-1.9966206136414435,-0.06810331476320117,0.16340685039699246,-1.633945871769344,-1.2706965626514393,BBR
2024-05-30 07:31:54,-1.9938117159576887,-0.06820274499357859,0.06851400075517326,-2.1540522268424103,-1.2391521451694127,BBR
2024-05-30 07:31:55,-1.9881939205901793,-0.06830667171180785,0.0848278230224191,-0.892180028846027,-1.2076077276873864,BBR
2024-05-30 07:31:56,-1.9769583298551603,-0.06842069773469267,-0.009020345759223777,-2.2649635300003106,-1.1760633102053601,BBR
2024-05-30 07:31:57,-1.9629138414363867,-0.06855000641873281,-0.06977854323742906,-1.7685712692407105,-1.1445188927233338,BBR
2024-05-30 07:31:58,-1.9741494321714057,-0.06867873837983098,-0.07901552623093801,-0.012820816134093593,-1.1129744752413075,BBR
2024-05-30 07:31:59,-1.9859468024431755,-0.06878987183328578,-0.14752689076677986,0.7283601975676514,-1.0814300577592812,BBR
2024-05-30 07:32:00,-1.9735876526346547,-0.06889943224583836,3.1512226379085796e-17,-1.1759312060953708,-1.0498856402772547,BBR
2024-05-30 07:32:01,-1.971340534487651,-0.06901640808381394,3.1512226379085796e-17,-1.0888009810670947,-1.0183412227952284,BBR
2024-05-30 07:32:02,-1.9921263773474358,-0.06911976314907309,3.1512226379085796e-17,-0.7027320208791922,-0.9867968053132022,BBR
2024-05-30 07:32:03,-1.9842614638329226,-0.06921347266240493,3.1512226379085796e-17,-1.7004759526991087,-0.9552523878311759,BBR
2024-05-30 07:32:04,-1.9881939205901793,-0.06930818247204552,-0.40778651206009126,-0.36610498223533366,-0.9237079703491495,BBR
2024-05-30 07:32:05,-1.9853850229064245,-0.06940078015388138,-0.42445436170693684,1.2418982552867293,-0.8921635528671232,BBR
2024-05-30 07:32:06,-1.9825761252226697,-0.06949528820444943,-0.3801253808431918,-1.73112065648513,-0.8606191353850969,BBR
2024-05-30 07:32:07,-1.9825761252226697,-0.06958997121549576,-0.29179737351562257,-1.3172315323643133,-0.8290747179030705,BBR
2024-05-30 07:32:08,-2.0078562043764623,-0.06966884980478934,-0.07760260192411443,-2.8249396089607672,-0.7975303004210442,BBR
2024-05-30 07:32:09,-1.968531636803896,-0.06975450198115052,0.6337210618940269,-2.136123687608507,-0.7659858829390179,BBR
2024-05-30 07:32:10,-1.9657227391201415,-0.06986223978504036,1.5990134477323257,-1.8964962103471479,-0.7344414654569915,BBR
2024-05-30 07:32:11,-1.948869353017613,-0.06997864311261676,2.1491005421885,-1.7726879080331668,-0.7028970479749652,BBR
2024-05-30 07:32:12,-1.9320159669150847,-0.07011058289894063,3.021784934218601,-1.3161955515791137,-0.6713526304929389,BBR
2024-05-30 07:32:13,-1.9067358877612923,-0.07026124938716642,3.81230448359365,-0.8244956984838816,-0.6398082130109125,BBR
2024-05-30 07:32:14,-1.8842647062912545,-0.07043189704549849,3.94221336307201,-1.7147898109961008,-0.6082637955288862,BBR
2024-05-30 07:32:15,-1.8730291155562355,-0.07061382117881512,6.583511582830564,-1.3868314208040688,-0.5767193780468599,BBR
2024-05-30 07:32:16,-1.8674113201887261,-0.07079781694811575,3.4974028820874734,-0.9648565771304389,-0.5451749605648335,BBR
2024-05-30 07:32:17,-1.86965843833573,-0.0709773106441951,3.173168032627848,-0.7496699590634053,-0.5136305430828072,BBR
2024-05-30 07:32:18,-1.8533668317699525,-0.071157040417074,2.65269507498485,-1.6749908923901242,-0.4820861256007808,BBR
2024-05-30 07:32:19,-1.8421312410349338,-0.07134242196764991,2.4937061132036824,-1.5816169851196777,-0.45054170811875444,BBR
2024-05-30 07:32:20,-1.8207836186383979,-0.07153455838470912,2.2736417150373485,-1.6987953706941123,-0.41899729063672814,CUBIC
2024-05-30 07:32:21,-1.838198784277677,-0.07172128234690889,2.0511261648156824,-1.813971106392206,-0.3874528731547018,CUBIC
2024-05-30 07:32:22,-1.8162893823443902,-0.07190282672668463,1.5989142357013122,-1.5038155794245867,-0.35590845567267543,CUBIC
2024-05-30 07:32:23,-1.837075225204175,-0.07207834273763672,1.7405143998425474,-1.452535075376631,-0.3243640381906491,CUBIC
2024-05-30 07:32:24,-1.819098280028145,-0.07224657330819538,2.241523150975525,-1.7021347576592434,-0.2928196207086228,CUBIC
2024-05-30 07:32:25,-1.8938149584160207,-0.07238991336446415,1.8302292396791315,-0.945037984995146,-0.2612752032265964,CUBIC
2024-05-30 07:32:26,-1.799435996241862,-0.07253512632470255,1.7617141585256166,-0.9532864666123229,-0.2297307857445701,CUBIC
2024-05-30 07:32:27,-1.7168544043394731,-0.07273191344791953,2.2994345305096444,-0.6406978793142776,-0.19818636826254374,CUBIC
2024-05-30 07:32:28,-1.7539318537650355,-0.0729343475686012,2.157130589123721,-0.3316063041652809,-0.1666419507805174,CUBIC
2024-05-30 07:32:29,-1.6747209390831523,-0.0731396180299536,2.3174247903860703,-1.0207926147130475,-0.13509753329849108,CUBIC
2024-05-30 07:32:30,-1.6797769549139108,-0.0733558593507703,2.2127579746460513,-0.6435450176009236,-0.10355311581646474,CUBIC
2024-05-30 07:32:31,-1.6039367174525332,-0.07357946944291505,2.16658383249363,-1.0752136468142222,-0.07200869833443842,CUBIC
2024-05-30 07:32:32,-1.5500058819244427,-0.07382295404779585,2.1505012268056833,-0.9458141365921866,-0.04046428085241207,CUBIC
2024-05-30 07:32:33,-1.5196697869398916,-0.07407140776412056,2.7861228426121674,-0.9710559939681289,-0.008919863370385733,CUBIC
2024-05-30 07:32:34,-1.4286615019862385,-0.07433021097967771,1.686069146200021,-1.2859888608364223,0.022624554111640605,CUBIC
2024-05-30 07:32:35,-1.3983254070016875,-0.07459599733435379,1.6140715733721875,-0.809610228819962,0.05416897159366694,CUBIC
2024-05-30 07:32:36,-1.3005757676070233,-0.07486635466138097,1.2376312783577441,-1.0038132531429382,0.08571338907569327,CUBIC
2024-05-30 07:32:37,-1.2376564594909174,-0.07514379320071989,1.1989311941487064,-0.6067640540905372,0.11725780655771961,CUBIC
2024-05-30 07:32:38,-1.1842874034995778,-0.07541731296150199,0.8696653241789956,-0.8282056679319115,0.14880222403974597,CUBIC
2024-05-30 07:32:39,-1.1140649614057097,-0.07568610271556347,0.7068513361964871,-0.4540811113661821,0.1803466415217723,CUBIC
2024-05-30 07:32:40,-1.0371011648708304,-0.07595154891251313,0.6453079096662092,-0.6501573343626517,0.21189105900379865,CUBIC
2024-05-30 07:32:41,-1.4005725251486913,-0.07616107053215314,0.5765189135373289,-0.704287587854159,0.24343547648582498,CUBIC
2024-05-30 07:32:42,-1.0629430235613737,-0.07635187486143435,0.592618220689738,-0.4014621428509412,0.27497989396785133,CUBIC
2024-05-30 07:32:43,-0.9281159347411471,-0.07657849652350013,0.5336551788383642,-0.6729515146945269,0.30652431144987763,CUBIC
2024-05-30 07:32:44,-0.8348605316404902,-0.07680773165325515,0.4645012228097067,-0.614702881913764,0.338068728931904,CUBIC
2024-05-30 07:32:45,-0.7039658995775202,-0.07703593606380353,0.40591923484921644,-0.5665242448599132,0.36961314641393034,CUBIC
2024-05-30 07:32:46,-0.685427174864739,-0.0772550876450033,0.4253378796995302,-0.8054593841033739,0.4011575638959567,CUBIC
2024-05-30 07:32:47,-0.4966692505164217,-0.07746844501935357,0.3689221137198463,-0.6460092705106271,0.432701981377983,CUBIC
2024-05-30 07:32:48,-0.5011634868104292,-0.07767369491609333,0.503224000057638,-0.32074445124896195,0.46424639886000935,CUBIC
2024-05-30 07:32:49,-0.39105469760724415,-0.07786552484445149,0.38939643410581326,-0.6370675260211608,0.4957908163420357,CUBIC
2024-05-30 07:32:50,-0.210723466310191,-0.07805441409508768,0.7928961638528134,-0.8687706658262069,0.527335233824062,CUBIC
2024-05-30 07:32:51,-0.22364439565546274,-0.07823313161089925,0.33056091318823744,-0.5710565903866873,0.5588796513060883,CUBIC
2024-05-30 07:32:52,-0.9112625486386187,-0.07836573754329325,0.13873894667215664,-0.6367593460742513,0.5904240687881146,CUBIC
2024-05-30 07:32:53,-0.13151255162830786,-0.07849124790647169,0.16340685039699246,-0.5925519143904241,0.621968486270141,CUBIC
2024-05-30 07:32:54,-0.13881568560607013,-0.07863572325400597,0.06851400075517326,-0.6853262582890484,0.6535129037521673,CUBIC
2024-05-30 07:32:55,0.010055891632930143,-0.07877203065464611,0.0848278230224191,-0.6074623744906623,0.6850573212341936,CUBIC
2024-05-30 07:32:56,0.03421241171322075,-0.07890169485077268,-0.009020345759223777,-0.6893126408235771,0.71660173871622,CUBIC
2024-05-30 07:32:57,-0.011291730763605744,-0.07901957762384396,-0.06977854323742906,-0.5038265160046429,0.7481461561982463,CUBIC
2024-05-30 07:32:58,-0.17420779642137962,-0.07912251395139447,-0.07901552623093801,-0.6556244472741921,0.7796905736802726,CUBIC
2024-05-30 07:32:59,-0.0803906137839719,-0.07921597782252243,-0.14752689076677986,-0.5989584843333303,0.811234991162299,CUBIC
2024-05-30 07:33:00,0.09319926307206992,-0.07930846899434259,3.1512226379085796e-17,-0.7209543819258687,0.8427794086443253,CUBIC
2024-05-30 07:33:01,-0.07196392073270774,-0.07939438423776743,3.1512226379085796e-17,-0.6820192788642432,0.8743238261263517,CUBIC
2024-05-30 07:33:02,-0.09724399988650023,-0.07947059513766506,3.1512226379085796e-17,-0.6202662405573981,0.905868243608378,CUBIC
2024-05-30 07:33:03,-1.3612479575761252,-0.07951928987473338,3.1512226379085796e-17,-0.5895977513325015,0.9374126610904043,CUBIC
2024-05-30 07:33:04,-0.035448250843896356,-0.07956655654916299,-0.40778651206009126,-0.7067552584378812,0.9689570785724307,CUBIC
2024-05-30 07:33:05,-0.08319951146772663,-0.07963247275270777,-0.42445436170693684,-0.7376428772012893,1.0005014960544572,CUBIC
2024-05-30 07:33:06,-0.07084036165920585,-0.07969377459684925,-0.3801253808431918,-0.8497490636433744,1.0320459135364835,CUBIC
2024-05-30 07:33:07,-0.10342357479076063,-0.07975115221583054,-0.29179737351562257,-0.8208801720859537,1.0635903310185097,CUBIC
2024-05-30 07:33:08,-0.21690304121445142,-0.07980330668121709,-0.07760260192411443,-0.7001631633778287,1.095134748500536,CUBIC
2024-05-30 07:33:09,-0.12758009487105124,-0.07985231979025484,0.6337210618940269,-0.6918440095175701,1.1266791659825626,CUBIC
2024-05-30 07:33:10,-0.047807400652417134,-0.07990079582664324,1.5990134477323257,-0.702813476924827,1.1582235834645889,CUBIC
2024-05-30 07:33:11,-0.2230826161187118,-0.07994564100169967,2.1491005421885,-0.6461098706681049,1.1897680009466152,CUBIC
2024-05-30 07:33:12,-0.16409576475986265,-0.07998694886065875,3.021784934218601,-0.5551110372437299,1.2213124184286415,CUBIC
2024-05-30 07:33:13,-0.07701993656346624,-0.08002777773003097,3.81230448359365,-0.7969813676114669,1.2528568359106678,CUBIC
2024-05-30 07:33:14,-1.2247355301456457,-0.08005628432665302,3.94221336307201,-0.6669716699286498,1.2844012533926943,CUBIC
2024-05-30 07:33:15,0.06567206577127364,-0.08008501566412522,6.583511582830564,-0.6170179994775749,1.3159456708747206,CUBIC
2024-05-30 07:33:16,-0.09836755896000213,-0.08012308788471331,3.4974028820874734,-0.6342948909066932,1.3474900883567469,CUBIC
2024-05-30 07:33:17,0.07971655419004725,-0.08015943397880844,3.173168032627848,-0.7594137330448357,1.3790345058387732,CUBIC
2024-05-30 07:33:18,-0.18319626900939476,-0.08019340127410211,2.65269507498485,-0.706372447121154,1.4105789233207995,CUBIC
2024-05-30 07:33:19,-0.01971842381486991,-0.08022503321182625,2.4937061132036824,-0.7839814039410036,1.4421233408028258,CUBIC
2024-05-30 07:33:20,0.016797246073941476,-0.08025681519644266,2.2736417150373485,-0.6484444157185634,1.4736677582848523,CUBIC
2024-05-30 07:33:21,-0.0612901095344398,-0.08028690045777184,2.0511261648156824,-0.6611712309399049,1.5052121757668786,CUBIC
2024-05-30 07:33:22,0.09881705843957936,-0.08031625961454848,1.5989142357013122,-0.6350975480794783,1.536756593248905,CUBIC
2024-05-30 07:33:23,-0.06578434582844735,-0.0803443474944891,1.7405143998425474,-0.7738426358200982,1.5683010107309312,CUBIC
2024-05-30 07:33:24,0.03421241171322075,-0.08037083746104076,2.241523150975525,-0.7098574643602568,1.5998454282129575,CUBIC
2024-05-30 07:33:25,-1.099458693450185,-0.0803899789832205,1.8302292396791315,-0.5136187104928919,1.6313898456949838,CUBIC
2024-05-30 07:33:26,0.07353697928578687,-0.08040871303503029,1.7617141585256166,-0.833229868492637,1.6629342631770103,CUBIC
2024-05-30 07:33:27,-0.21016168677344008,-0.08043205945665874,2.2994345305096444,-0.6758800574634207,1.6944786806590366,CUBIC
2024-05-30 07:33:28,-0.03713358945414919,-0.08045390168559577,2.157130589123721,-0.8567735653565085,1.726023098141063,CUBIC
2024-05-30 07:36:42,-2.0454259868352684,15.859295518314173,-0.37402665411755937,1.3371368229750134,-1.712318407399808,PCC
2024-05-30 07:36:43,-1.8280867526161602,1.98400882339609,-0.38030677573041455,2.190648973344447,-1.6807739899177816,PCC
2024-05-30 07:36:44,-1.8556139499169564,0.5077788643609241,-0.3713112287995946,1.755962224094632,-1.6492295724357553,PCC
2024-05-30 07:36:45,-1.8033684529991185,0.27318395672448875,-0.3781886922610171,1.4303951207133259,-1.617685154953729,PCC
2024-05-30 07:36:46,-1.7308988927582467,0.1547258422932315,-0.37620752565794324,1.5433762559968893,-1.5861407374717025,PCC
2024-05-30 07:36:47,-1.7235957587804844,0.08931233082784365,-0.3764702654685252,1.9715710044759749,-1.5545963199896762,PCC
2024-05-30 07:36:48,-1.576971299688488,0.046508996377303075,-0.37496227271525595,2.2594058019097747,-1.5230519025076499,PCC
2024-05-30 07:36:49,-1.50674885759462,0.015495545588517422,-0.37447133569442104,1.7018128491747986,-1.4915074850256236,PCC
2024-05-30 07:36:50,-1.3983254070016875,-0.005914078813051741,-0.37412736648221595,1.973422424597134,-1.4599630675435973,PCC
2024-05-30 07:36:51,-1.3393385556428383,-0.02112595852118716,-0.38049787759403214,2.03484037630318,-1.4284186500615708,PCC
2024-05-30 07:36:52,-1.2146234984841289,-0.03231096850167702,-0.37511748120321686,1.8665912835866314,-1.3968742325795445,PCC
2024-05-30 07:36:53,-1.0736168347596418,-0.04107488883669059,-0.3759884368150516,1.8703175561828633,-1.3653298150975182,PCC
2024-05-30 07:36:54,-0.8590170517207808,-0.04816200000804758,-0.3800121733796925,1.5323063171434956,-1.3337853976154919,PCC
2024-05-30 07:36:55,-0.5983513466683427,-0.05402961679313119,-0.3794940310591664,1.743189574875238,-1.3022409801334656,PCC
2024-05-30 07:36:56,-0.4674567146053726,-0.05866246520389259,-0.3730948165122575,1.3201297814117745,-1.2706965626514393,PCC
2024-05-30 07:36:57,-0.3691452956739573,-0.06217434504917185,-0.37730098968627945,1.1664795416284688,-1.2391521451694127,PCC
2024-05-30 07:36:58,-0.1006146771070059,-0.06499509324959708,-0.37476459441287957,0.8534199586078715,-1.2076077276873864,PCC
2024-05-30 07:36:59,0.013988348390186754,-0.06729668307343947,-0.38142147388592706,0.8947727333823825,-1.1760633102053601,PCC
2024-05-30 07:37:03,0.020729702831198085,-0.07248854424517806,2.066781692423304,1.2031676335591162,-1.0498856402772547,PCC
2024-05-30 07:37:04,-0.08095239332072285,-0.07323513436212822,0.35621581167088207,0.8371659412641265,-1.0183412227952284,PCC
2024-05-30 07:37:05,0.06848096345502837,-0.07387485130153619,0.44626848386863655,0.976573157880412,-0.9867968053132022,PCC
2024-05-30 07:37:06,0.008370553022677309,-0.0744357791874884,0.3019235069536981,1.2402811943682415,-0.9552523878311759,PCC
2024-05-30 07:37:07,0.009494112096179197,-0.07491451978717137,0.2651909433711171,0.9045779952873688,-0.9237079703491495,PCC
2024-05-30 07:37:08,0.061739609014017025,-0.07533841709144982,0.04205564228788157,0.9970882733877671,-0.8921635528671232,PCC
2024-05-30 07:37:09,0.013988348390186754,-0.07571253519298517,-0.02833046015167041,1.2532168900230798,-0.8606191353850969,PCC
2024-05-30 07:37:10,0.030279954955964142,-0.07604226362505309,-0.12642895099554025,1.1764662793736749,-0.8290747179030705,PCC
2024-05-30 07:37:11,0.1589274688719304,-0.07634674185333926,-0.16869784755097408,1.0689383454344648,-0.7975303004210442,PCC
2024-05-30 07:37:12,-0.029268675939635967,-0.07661649287894984,-0.2092726289135819,0.902903179506396,-0.7659858829390179,PCC
2024-05-30 07:37:13,0.07128986113878309,-0.07685503677344288,-0.2216619084519273,1.0470531130887881,-0.7344414654569915,PCC
2024-05-30 07:37:14,0.01848258468419431,-0.07707441248207773,-0.27771744738221477,1.0345844345060002,-0.7028970479749652,PCC
2024-05-30 07:37:15,-0.039942487137903916,-0.07726942536783103,-0.2994935365405802,1.1531830234346105,-0.6713526304929389,PCC
2024-05-30 07:37:16,-0.11128848830527385,-0.0774430092875919,-0.3420589362621996,1.135976055263629,-0.6398082130109125,PCC
2024-05-30 07:37:17,0.05106579781574908,-0.07760675537637994,-0.33685424302327643,0.8884789974968887,-0.6082637955288862,PCC
2024-05-30 07:37:18,-0.015224187520862357,-0.07776173000860927,-0.36551200179766424,1.032447654925994,-0.5767193780468599,PCC
2024-05-30 07:37:19,0.030279954955964142,-0.07790445893898097,-0.376334530784355,1.119744951199512,-0.5451749605648335,PCC
2024-05-30 07:37:20,0.038706648007228305,-0.07803871392547153,-0.37573537492963144,1.0812751202771802,-0.5136305430828072,PCC
2024-05-30 07:37:21,-0.013538848910609523,-0.07816239688121247,-0.3835635625403129,1.2107079478544198,-0.4820861256007808,PCC
2024-05-30 07:37:22,0.12128823990961714,-0.07828000863555977,-0.3715414816797191,0.838661897873094,-0.45054170811875444,PCC
2024-05-30 07:37:23,-0.15286017402484375,-0.07838652249442896,-0.3755408770408232,0.7943789105759768,-0.41899729063672814,PCC
2024-05-30 07:37:24,0.022976820978201865,-0.07848405375756755,-0.37391376657233377,0.825908119068023,-0.3874528731547018,PCC
2024-05-30 07:37:25,-0.06915502304895302,-0.07857782131523543,-0.37578708207730305,0.9811649948357851,-0.35590845567267543,PCC
2024-05-30 07:37:26,0.03983020708073019,-0.07866646547652757,-0.38044544499648103,0.8738078543656769,-0.3243640381906491,PCC
2024-05-30 07:37:27,-0.06072832999768886,-0.0787503175749561,-0.376854393784731,0.837591401729017,-0.2928196207086228,PCC
2024-05-30 07:37:28,-0.05735765277718319,-0.07882771702097786,-0.3758486931924358,1.1036785784239456,-0.2612752032265964,PCC
2024-05-30 07:37:29,-0.035448250843896356,-0.07890151556730292,-0.3807570478824192,1.1510770718480465,-0.2297307857445701,PCC
2024-05-30 07:37:30,-0.04050426667465486,-0.07897182865370012,-0.3774051276205603,1.1828068433302104,-0.19818636826254374,PCC
2024-05-30 07:37:31,0.06848096345502837,-0.07904026438145875,-0.38109063657827963,1.0340546829748092,-0.1666419507805174,PCC
2024-05-30 07:37:32,-0.06016655046093791,-0.07910499074258785,-0.38200341330096327,1.0659022551665018,-0.13509753329849108,PCC
2024-05-30 07:37:33,0.15218611443091906,-0.07916774455883452,-0.37502967482614097,1.146857276200041,-0.10355311581646474,PCC
2024-05-30 07:37:34,-0.0905026454454889,-0.07922708337190738,-0.3834592587623304,1.199773422304532,-0.07200869833443842,PCC
2024-05-30 07:37:35,0.06623384530802459,-0.07928245055570785,-0.37390850155923194,1.0883221889273171,-0.04046428085241207,PCC
2024-05-30 07:37:36,-0.052863416483175635,-0.07933584139834399,-0.37274631673304026,1.0110534796292303,-0.008919863370385733,PCC
2024-05-30 07:37:37,0.0021909781184169205,-0.07938607359082216,-0.37613573954527796,1.233870888419094,0.022624554111640605,PCC
2024-05-30 07:37:38,0.014550127926937698,-0.07943493012232943,-0.37602468127572913,1.1296718097836302,0.05416897159366694,PCC
2024-05-30 07:37:39,0.11567044454210769,-0.07948295197095495,-0.3776264963361932,1.3127996242783295,0.08571338907569327,PCC
2024-05-30 07:37:40,0.17241017775395306,-0.07953059534640781,-0.3733990737872799,1.4118981335699938,0.11725780655771961,PCC
2024-05-30 07:37:41,0.019606143757696197,-0.0795752182597787,-0.38306683685549603,1.1050694879601413,0.14880222403974597,PCC
2024-05-30 07:37:42,0.043762663837986805,-0.0796167216325764,-0.37402665411755937,1.3879339265002888,0.1803466415217723,PCC
2024-05-30 07:37:43,0.01735902561069242,-0.0796565712163007,-0.38030677573041455,1.1421719116882676,0.21189105900379865,PCC
2024-05-30 07:37:44,-0.03376291223364353,-0.079694182511775,-0.3713112287995946,1.3859010269931702,0.24343547648582498,PCC
2024-05-30 07:37:45,-0.07982883424722097,-0.07972954404765656,-0.3781886922610171,1.408351985493562,0.27497989396785133,PCC
2024-05-30 07:37:46,0.05387469549950381,-0.07976435972904969,-0.37620752565794324,1.1328511196230755,0.30652431144987763,PCC
2024-05-30 07:37:47,-0.057919432313934135,-0.07979811260539903,-0.3764702654685252,1.1196569018093432,0.338068728931904,PCC
2024-05-30 07:37:48,-0.07308747980620962,-0.07982967872766375,-0.37496227271525595,0.9288909334260576,0.36961314641393034,PCC
2024-05-30 07:37:49,-0.07084036165920585,-0.07986007940905895,-0.37447133569442104,1.1185675972652778,0.4011575638959567,PCC
2024-05-30 07:37:50,0.05443647503625475,-0.07989039514506661,-0.37412736648221595,1.0241672153387495,0.432701981377983,PCC
2024-05-30 07:37:51,0.004999875802171642,-0.07992022941694166,-0.38049787759403214,0.8751100634207605,0.46424639886000935,PCC
2024-05-30 07:37:52,0.05612181364650758,-0.07994906292923808,-0.37511748120321686,1.1887284470324733,0.4957908163420357,PCC
2024-05-30 07:37:53,0.054998254573005695,-0.07997727058843704,-0.3759884368150516,1.50043647400166,0.527335233824062,PCC
2024-05-30 07:37:54,0.09769349936607748,-0.08000481362197842,-0.3800121733796925,1.3894117711632934,0.5588796513060883,PCC
2024-05-30 07:37:55,0.019606143757696197,-0.08003123932277803,-0.3794940310591664,1.2582576205777916,0.5904240687881146,PCC
2024-05-30 07:37:56,0.07297519974903592,-0.08005666676436994,-0.3730948165122575,1.307961994397507,0.621968486270141,PCC
2024-05-30 07:37:57,0.005561655338922587,-0.08008122888803733,-0.37730098968627945,1.0764964335192795,0.6535129037521673,PCC
2024-05-30 07:37:58,0.050504018278998135,-0.08010490886927,-0.37476459441287957,1.2585594514629685,0.6850573212341936,PCC
2024-05-30 07:37:59,0.06848096345502837,-0.0801282145474901,-0.38142147388592706,0.9354140036236697,0.71660173871622,PCC
2024-05-30 07:38:03,0.007808773485926364,-0.08021410323726737,2.066781692423304,1.1458878739068172,0.8427794086443253,PCC
2024-05-30 07:38:04,0.017920805147443365,-0.08023378624647196,0.35621581167088207,1.027160208975662,0.8743238261263517,PCC
2024-05-30 07:38:05,0.026909277735458474,-0.08025301740033561,0.44626848386863655,1.1971344290721138,0.905868243608378,PCC
2024-05-30 07:38:06,-0.07814349563696812,-0.08027130204667426,0.3019235069536981,0.979364059157978,0.9374126610904043,PCC
2024-05-30 07:38:07,0.055560034109756636,-0.08028922729496933,0.2651909433711171,1.0889222031937136,0.9689570785724307,PCC
2024-05-30 07:38:08,0.006685214412424475,-0.08030704591743494,0.04205564228788157,1.0341967918584756,1.0005014960544572,PCC
2024-05-30 07:38:09,0.030279954955964142,-0.08032429582899932,-0.02833046015167041,0.9843299418958706,1.0320459135364835,PCC
2024-05-30 07:38:10,0.006685214412424475,-0.08034110346775176,-0.12642895099554025,1.095447550819023,1.0635903310185097,PCC
2024-05-30 07:38:11,-0.10342357479076063,-0.08035696493201178,-0.16869784755097408,1.1071992420947863,1.095134748500536,PCC
2024-05-30 07:38:12,0.22184677698803618,-0.08037324956104837,-0.2092726289135819,0.91145404028118,1.1266791659825626,PCC
2024-05-30 07:38:13,-0.08376129100447757,-0.08038920829061065,-0.2216619084519273,1.3201214568516382,1.1582235834645889,PCC
2024-05-30 07:38:14,0.02016792329444714,-0.08040403543508132,-0.27771744738221477,0.6787047157576496,1.1897680009466152,PCC
2024-05-30 07:38:15,-0.022527321498624634,-0.08041872866527967,-0.2994935365405802,0.9353657820259311,1.2213124184286415,PCC
2024-05-30 07:38:16,0.05949249086701325,-0.08043320798844665,-0.3420589362621996,1.0211256598557366,1.2528568359106678,PCC
2024-05-30 07:38:17,-0.13263611070180975,-0.08044698030330687,-0.33685424302327643,0.9892833132224869,1.2844012533926943,PCC
2024-05-30 07:38:18,0.050504018278998135,-0.08046040580664637,-0.36551200179766424,0.9667803006483091,1.3159456708747206,PCC
2024-05-30 07:38:19,0.04039198661748114,-0.08047408942525681,-0.376334530784355,1.1519793526576316,1.3474900883567469,PCC
2024-05-30 07:38:20,0.0802783337267982,-0.08048754991567918,-0.37573537492963144,0.9868562543575957,1.3790345058387732,PCC
2024-05-30 07:38:21,-0.08713196822498324,-0.08050031184263906,-0.3835635625403129,1.077257493315606,1.4105789233207995,PCC
2024-05-30 07:38:22,-0.1017382361805078,-0.08051224574006377,-0.3715414816797191,1.0486796165654375,1.4421233408028258,PCC
2024-05-30 07:38:23,0.1488154372104134,-0.08052462131332351,-0.3755408770408232,1.2153887927247193,1.4736677582848523,PCC
2024-05-30 07:38:24,0.03645952986022453,-0.0805371264123947,-0.37391376657233377,1.1123743557183505,1.5052121757668786,PCC
2024-05-30 07:38:25,0.006685214412424475,-0.0805489517576063,-0.37578708207730305,1.1595876723697882,1.536756593248905,PCC
2024-05-30 07:38:26,-0.06915502304895302,-0.08056023520293473,-0.38044544499648103,1.079160126976846,1.5683010107309312,PCC
