Timestamp,Throughput,LossRate,RTT,SendingRate,CCAs
2024-01-01 00:00:00,142.0,71.4285714285714,169.125,32867752.0,1
2024-01-01 00:00:01,5011565.0,23.5141373341027,58.162,54249648.0,1
2024-01-01 00:00:02,6650664.0,18.5499673416068,17.168,72235968.0,1
2024-01-01 00:00:03,9349736.0,14.2790769707294,21.14,81283632.0,1
2024-01-01 00:00:04,9931832.0,12.8298585799679,20.876,87062640.0,1
2024-01-01 00:00:05,10254736.0,12.4206069160198,21.157,89437120.0,1
2024-01-01 00:00:06,10479176.0,12.2911200110482,21.321,86627136.0,1
2024-01-01 00:00:07,10716648.0,11.4382174206617,21.775,85536528.0,1
2024-01-01 00:00:08,9800064.0,12.5664500886001,23.959,88783600.0,1
2024-01-01 00:00:09,11067064.0,12.2254184100418,23.198,90200176.0,1
2024-01-01 00:00:10,10537096.0,11.2637362637363,20.734,85778768.0,1
2024-01-01 00:00:11,10370576.0,12.8244487859336,22.803,83442208.0,1
2024-01-01 00:00:12,10007128.0,12.593984962406,21.37,87910480.0,1
2024-01-01 00:00:13,10188128.0,11.7772410853814,22.542,80183552.0,1
2024-01-01 00:00:14,10224328.0,13.0644019815994,22.149,84264768.0,1
2024-01-01 00:00:15,9517704.0,12.8041362530414,20.991,73557760.0,1
2024-01-01 00:00:16,8858864.0,13.2821434406143,21.44,81636992.0,1
2024-01-01 00:00:17,9632096.0,13.8671875,22.005,81006112.0,1
2024-01-01 00:00:18,10044776.0,13.2583945813518,22.301,82496944.0,1
2024-01-01 00:00:19,9769656.0,12.7240408828322,21.448,87402304.0,1
2024-01-01 00:00:20,10593568.0,12.4590163934426,22.203,81333664.0,1
2024-01-01 00:00:21,9317880.0,12.7213420316869,21.013,81527984.0,1
2024-01-01 00:00:22,9658160.0,13.5151333533114,23.079,84871424.0,1
2024-01-01 00:00:23,10453112.0,12.7094005260972,23.376,79831776.0,1
2024-01-01 00:00:24,9209280.0,13.2798994185133,21.785,85015712.0,1
2024-01-01 00:00:25,10499448.0,12.6671261199173,24.512,81091952.0,1
2024-01-01 00:00:26,9257064.0,13.1311552290136,21.567,79517392.0,1
2024-01-01 00:00:27,9624856.0,13.593984962406,22.534,73194400.0,1
2024-01-01 00:00:28,8619944.0,13.8179986568167,21.811,78558160.0,1
2024-01-01 00:00:29,9395840.0,14.6487985212569,23.072,75398784.0,1
2024-01-01 00:00:30,9288920.0,14.7374980526562,21.366,79771744.0,1
2024-01-01 00:00:31,9226656.0,13.9585947302384,20.272,68701376.0,1
2024-01-01 00:00:32,8593880.0,15.5944762546312,18.876,79201952.0,1
2024-01-01 00:00:33,9354080.0,14.0315594059406,22.615,75931712.0,1
2024-01-01 00:00:34,8844384.0,14.7439044346261,20.217,72395008.0,1
2024-01-01 00:00:35,8614152.0,14.4825268817204,19.373,73376608.0,1
2024-01-01 00:00:36,8815424.0,15.2684288294205,19.582,68203728.0,1
2024-01-01 00:00:37,8089976.0,15.9033989266547,19.059,68543920.0,1
2024-01-01 00:00:38,8034952.0,16.2463976945245,19.12,65744992.0,1
2024-01-01 00:00:39,8808184.0,17.1705553729872,18.867,73339744.0,1
2024-01-01 00:00:40,7848160.0,14.6809295462929,18.905,60428352.0,1
2024-01-01 00:00:41,7234208.0,17.4434886977395,18.332,59615792.0,1
2024-01-01 00:00:42,7212488.0,18.8641380694361,18.212,59168704.0,1
2024-01-01 00:00:43,7216832.0,18.5519454472523,17.855,56442976.0,1
2024-01-01 00:00:44,6375544.0,18.2251475261008,14.6,58381424.0,1
2024-01-01 00:00:45,7041624.0,19.0339157245632,17.641,54916864.0,1
2024-01-01 00:00:46,6586952.0,18.6291739894552,17.224,49248448.0,1
2024-01-01 00:00:47,5651544.0,22.6888604353393,16.279,48171008.0,1
2024-01-01 00:00:48,5813720.0,21.9815782922579,15.839,51028384.0,1
2024-01-01 00:00:49,6226400.0,20.9718670076726,17.085,65430080.0,1
2024-01-01 00:00:50,8027712.0,18.2981791959618,19.732,52373872.0,1
2024-01-01 00:00:51,5916528.0,18.2485322896282,15.397,49514384.0,1
2024-01-01 00:00:52,5794896.0,21.8281718281718,14.796,50121040.0,1
2024-01-01 00:00:53,6194544.0,21.4719626168224,15.625,48485392.0,1
2024-01-01 00:00:54,5419864.0,21.9492656875834,15.248,45142480.0,1
2024-01-01 00:00:55,5509640.0,23.74573154715,15.008,45469504.0,1
2024-01-01 00:00:56,5548736.0,24.406779661017,13.944,44754896.0,1
2024-01-01 00:00:57,5498056.0,23.2490784623486,15.108,50459648.0,1
2024-01-01 00:00:58,5852816.0,22.6699629171817,15.465,47807120.0,1
2024-01-01 00:00:59,5521224.0,22.4115334207077,16.658,44767008.0,1
2024-01-01 00:01:00,5786208.0,23.9619809904952,17.837,69282752.0,1
2024-01-01 00:01:01,8394056.0,17.5172413793103,19.751,49696592.0,1
2024-01-01 00:01:02,5618240.0,19.1911385883565,14.448,49587056.0,1
2024-01-01 00:01:03,5907840.0,23.7383635472807,16.05,45554816.0,1
2024-01-01 00:01:04,5654440.0,21.3718965958536,14.948,48545952.0,1
2024-01-01 00:01:05,5527016.0,24.4566640481802,16.117,44270416.0,1
2024-01-01 00:01:06,5079584.0,23.2478632478632,13.72,41205552.0,1
2024-01-01 00:01:07,5503848.0,24.559558243492,16.377,47502464.0,1
2024-01-01 00:01:08,5606656.0,23.8771295818276,17.983,49419872.0,1
2024-01-01 00:01:09,5752904.0,21.559748427673,16.399,47286832.0,1
2024-01-01 00:01:10,5595072.0,22.4004138644594,16.997,45820224.0,1
2024-01-01 00:01:11,5618240.0,23.6218444100979,14.898,61954464.0,1
2024-01-01 00:01:12,7260272.0,20.0916882599163,17.123,50750336.0,1
2024-01-01 00:01:13,6026576.0,19.9327569644573,15.386,50265856.0,1
2024-01-01 00:01:14,6017888.0,21.1880711880712,14.794,49333760.0,1
2024-01-01 00:01:15,5999064.0,22.1712907117008,15.051,48000912.0,1
2024-01-01 00:01:16,5554528.0,21.9124544033351,14.22,44367312.0,1
2024-01-01 00:01:17,5409728.0,24.2375601926164,14.326,49006208.0,1
2024-01-01 00:01:18,6055536.0,22.2992351816444,15.105,48267376.0,1
2024-01-01 00:01:19,5650096.0,22.6946721311475,14.854,49902496.0,1
2024-01-01 00:01:20,5951280.0,21.5466926070039,14.776,47334752.0,1
2024-01-01 00:01:21,5618240.0,22.952086553323,14.513,49321120.0,1
2024-01-01 00:01:22,6226400.0,22.9607250755287,14.866,68373296.0,1
2024-01-01 00:01:23,7942280.0,16.2930563149262,18.314,49393792.0,1
2024-01-01 00:01:24,5764488.0,20.9389907105197,14.413,47141488.0,1
2024-01-01 00:01:25,6145312.0,21.7381064531324,16.334,49986752.0,1
2024-01-01 00:01:26,5385112.0,21.2903225806452,14.023,51707184.0,1
2024-01-01 00:01:27,6184408.0,21.7126813289658,14.613,47116736.0,1
2024-01-01 00:01:28,5668920.0,22.5485188968335,14.043,44439984.0,1
2024-01-01 00:01:29,5521224.0,24.1415465268676,14.491,45639072.0,1
2024-01-01 00:01:30,5170808.0,24.5731877973692,13.897,44718560.0,1
2024-01-01 00:01:31,5574800.0,24.1629898780171,14.186,47807648.0,1
2024-01-01 00:01:32,5628376.0,24.5050141424531,15.209,49757152.0,1
2024-01-01 00:01:33,6902616.0,21.0272536687631,16.669,68373824.0,1
2024-01-01 00:01:34,7335568.0,15.4301499605367,17.517,47516432.0,1
2024-01-01 00:01:35,5457512.0,22.0631132325643,13.918,44645888.0,1
2024-01-01 00:01:36,5697880.0,24.4348488696977,15.628,48836640.0,1
2024-01-01 00:01:37,5764488.0,22.9224202862164,15.83,69754592.0,1
2024-01-01 00:01:38,9004880.0,16.6505946640952,19.873,41135144.0,1
2024-01-01 00:01:39,3021897.0,12.5417262756319,7.48432,420220.859697858,1
2024-01-01 00:01:40,1835680.0,42.5554382259768,0.069597,77722704.0,2
2024-01-01 00:01:41,11464500.0,49.0945674044266,0.030764,77977056.0,2
2024-01-01 00:01:42,9952440.0,49.0909090909091,0.020914,79057136.0,2
2024-01-01 00:01:43,9952510.0,48.9776951672862,0.020891,78209296.0,2
2024-01-01 00:01:44,9632850.0,48.992443324937,0.01793,77409904.0,2
2024-01-01 00:01:45,10077800.0,49.0221642764016,0.009717,76113392.0,2
2024-01-01 00:01:46,9708880.0,48.9908256880734,0.00391,78342528.0,2
2024-01-01 00:01:47,9697890.0,49.0808823529412,0.004053,79250928.0,2
2024-01-01 00:01:48,10014600.0,48.995983935743,0.003297,73727856.0,2
2024-01-01 00:01:49,9818020.0,48.960498960499,0.043235,79456832.0,2
2024-01-01 00:01:50,9264940.0,49.0143369175627,0.042813,73836336.0,2
2024-01-01 00:01:51,9908410.0,48.9678899082569,0.011755,84434864.0,2
2024-01-01 00:01:52,9593090.0,48.9862124898621,0.014901,73449280.0,2
2024-01-01 00:01:53,9709080.0,48.8778054862843,0.016604,71619840.0,2
2024-01-01 00:01:54,10164700.0,48.8406881077038,0.017373,69270112.0,2
2024-01-01 00:01:55,9513240.0,48.936170212766,0.017197,63734928.0,2
2024-01-01 00:01:56,8747540.0,48.8822652757079,0.011549,77555248.0,2
2024-01-01 00:01:57,8732140.0,48.8950276243094,0.011608,64025616.0,2
2024-01-01 00:01:58,8172940.0,48.8865323435843,0.014651,56903232.0,2
2024-01-01 00:01:59,9450840.0,48.8900361383583,0.014703,62196704.0,2
2024-01-01 00:02:00,7289940.0,48.8879384088965,0.01502,61700640.0,2
2024-01-01 00:02:01,7806010.0,48.88888888888889,0.013212,64195184.0,2
2024-01-01 00:02:02,8046020.0,48.8386691776522,0.010198,66314784.0,2
2024-01-01 00:02:03,7754480.0,48.9008524001795,0.013413,62172480.0,2
2024-01-01 00:02:04,8456850.0,48.9021043000915,0.014148,55534576.0,2
2024-01-01 00:02:05,7987100.0,37.3998543335761,0.013715,55146992.0,2
2024-01-01 00:02:06,7419210.0,33.3333333333333,0.014568,46414240.0,2
2024-01-01 00:02:07,7104360.0,26.0750586395622,0.012434,60365408.0,2
2024-01-01 00:02:08,6733950.0,33.3561175666439,0.010403,50680048.0,2
2024-01-01 00:02:09,5858780.0,33.3234067897558,0.01336,48642848.0,2
2024-01-01 00:02:10,7707860.0,33.3333333333333,0.013699,48085696.0,2
2024-01-01 00:02:11,6190810.0,24.5288406624786,0.014048,47262080.0,2
2024-01-01 00:02:12,6092860.0,31.5615615615616,0.014619,43652704.0,2
2024-01-01 00:02:13,6331950.0,33.3478260869565,0.010789,60779600.0,2
2024-01-01 00:02:14,5810530.0,33.3333333333333,0.013465,51222704.0,2
2024-01-01 00:02:15,5265140.0,33.3140710777232,0.013826,49514912.0,2
2024-01-01 00:02:16,7995990.0,28.3940620782726,0.013456,46669120.0,2
2024-01-01 00:02:17,6351300.0,28.1107392759355,0.015179,48642848.0,2
2024-01-01 00:02:18,6102010.0,32.3908866318968,0.013653,27678384.0,2
2024-01-01 00:02:19,6018150.0,9.64312832194381,0.008269,74113328.0,2
2024-01-01 00:02:20,6253020.0,8.42391304347826,0.022773,67657632.0,2
2024-01-01 00:02:21,4251520.0,8.5465432770822,0.020959,60136080.0,2
2024-01-01 00:02:22,9026190.0,7.97970479704797,0.020454,57641008.0,2
2024-01-01 00:02:23,8552700.0,8.53850183342064,0.019233,65186784.0,2
2024-01-01 00:02:24,7174340.0,9.07643312101911,0.019463,68687152.0,2
2024-01-01 00:02:25,7557520.0,7.93269230769231,0.018869,63151968.0,2
2024-01-01 00:02:26,8617870.0,7.77528089887641,0.015799,61383616.0,2
2024-01-01 00:02:27,8609440.0,7.84580498866213,0.018866,59421472.0,2
2024-01-01 00:02:28,7481230.0,9.48314606741573,0.019048,52190608.0,2
2024-01-01 00:02:29,7632300.0,17.7644078530716,0.01191,45928704.0,2
2024-01-01 00:02:30,7253530.0,16.2692498758073,0.01227,39545680.0,2
2024-01-01 00:02:31,6520690.0,8.6743352819159,0.015922,22710000.0,2
2024-01-01 00:02:32,5868090.0,8.67533522958147,0.017591,26622176.0,2
2024-01-01 00:02:33,3813540.0,8.93360160965795,0.015191,28887120.0,2
2024-01-01 00:02:34,3412190.0,8.72105153348634,0.015483,24042320.0,2
2024-01-01 00:02:35,3427000.0,8.85922330097087,0.01401,31515424.0,2
2024-01-01 00:02:36,3498940.0,11.2231477422183,0.016408,54213312.0,2
2024-01-01 00:02:37,3005830.0,8.7920298879203,0.017209,40429856.0,2
2024-01-01 00:02:38,4945240.0,8.93701767488175,0.018088,39933264.0,2
2024-01-01 00:02:39,6573880.0,8.73737373737374,0.017943,41108128.0,2
2024-01-01 00:02:40,4715900.0,9.09810126582278,0.017773,45480560.0,2
2024-01-01 00:02:41,5224610.0,9.02087475149105,0.018032,40260288.0,2
2024-01-01 00:02:42,5276680.0,8.91235871780619,0.019166,25047616.0,2
2024-01-01 00:02:43,5725160.0,8.70476190476191,0.018182,19791008.0,2
2024-01-01 00:02:44,4810230.0,8.71602624179944,0.012429,22189184.0,2
2024-01-01 00:02:45,2591510.0,9.4409024031388,0.015215,28184624.0,2
2024-01-01 00:02:46,2576900.0,9.8230408089563,0.015445,52638752.0,2
2024-01-01 00:02:47,2920780.0,8.70983935742972,0.013569,40744768.0,2
2024-01-01 00:02:48,4979390.0,8.95426240068714,0.013163,32484384.0,2
2024-01-01 00:02:49,5695470.0,8.87096774193548,0.015722,31648656.0,2
2024-01-01 00:02:50,4985850.0,9.19515361315448,0.016585,34931008.0,2
2024-01-01 00:02:51,3907140.0,12.1265377855888,0.013775,58791648.0,2
2024-01-01 00:02:52,4281040.0,9.62099125364432,0.013938,46170944.0,2
2024-01-01 00:02:53,4818130.0,9.30166808029403,0.013179,47951408.0,2
2024-01-01 00:02:54,7287240.0,9.52111079625956,0.010368,45480560.0,2
2024-01-01 00:02:55,5722790.0,9.31425485961123,0.014448,42282992.0,2
2024-01-01 00:02:56,6191950.0,10.1912825337096,0.014793,47261024.0,2
2024-01-01 00:02:57,5482260.0,9.31391337677271,0.014503,55581968.0,2
2024-01-01 00:02:58,4369310.0,8.70602265951103,0.016235,46837104.0,2
2024-01-01 00:02:59,7694780.0,8.93293510724953,0.015388,44632720.0,2
2024-01-01 00:03:00,6710130.0,8.81299259613088,0.013407,35694064.0,2
2024-01-01 00:03:01,5602660.0,9.30103035366193,0.013718,37086944.0,2
2024-01-01 00:03:02,5209270.0,9.1165896250642,0.006211,41580496.0,2
2024-01-01 00:03:03,4618020.0,9.26225094238018,0.01011,40114944.0,2
2024-01-01 00:03:04,4925760.0,9.26650366748166,0.01056,40744768.0,2
2024-01-01 00:03:05,4957620.0,12.1504829689883,0.010254,63442656.0,2
2024-01-01 00:03:06,5396890.0,9.56622773044152,0.010612,46885552.0,2
2024-01-01 00:03:07,5550850.0,9.37320299022427,0.011391,43373072.0,2
2024-01-01 00:03:08,7705640.0,9.33934730697798,0.013908,41955968.0,2
2024-01-01 00:03:09,5695930.0,9.15951079885506,0.014595,40466192.0,2
2024-01-01 00:03:10,5530840.0,12.5789218067023,0.016927,64181488.0,2
2024-01-01 00:03:11,5214740.0,9.72682119205298,0.017444,59082336.0,2
2024-01-01 00:03:12,5131470.0,9.39174283012922,0.016485,49065712.0,2
2024-01-01 00:03:13,8658360.0,9.12708941363757,0.016674,37910560.0,2
2024-01-01 00:03:14,7417190.0,9.06460945033751,0.012305,43070272.0,2
2024-01-01 00:03:15,5712720.0,9.44138473642801,0.012152,43724320.0,2
2024-01-01 00:03:16,4734000.0,9.04864091559371,0.014774,52021040.0,2
2024-01-01 00:03:17,4931810.0,8.94568690095847,0.016642,39424560.0,2
2024-01-01 00:03:18,6565380.0,8.68205868205868,0.01576,39412448.0,2
2024-01-01 00:03:19,5984850.0,9.40148305084746,0.012154,35439712.0,2
2024-01-01 00:03:20,4878690.0,10.3863204559848,0.01411,47309472.0,2
2024-01-01 00:03:21,4887910.0,10.0182982616651,0.015248,57011184.0,2
2024-01-01 00:03:22,4714910.0,9.27433628318584,0.01363,49562304.0,2
2024-01-01 00:03:23,6416340.0,9.12621359223301,0.013075,45795472.0,2
2024-01-01 00:03:24,6792550.0,9.1582122292295,0.009943,45638016.0,2
2024-01-01 00:03:25,6513700.0,9.07704042715484,0.013106,37801552.0,2
2024-01-01 00:03:26,5298010.0,11.9531731361676,0.01227,62812832.0,2
2024-01-01 00:03:27,5839170.0,8.93770689136323,0.013029,49780320.0,2
2024-01-01 00:03:28,5421960.0,9.03513664249861,0.013073,45589568.0,2
2024-01-01 00:03:29,7616770.0,8.92857142857143,0.058738,47261024.0,2
2024-01-01 00:03:30,5936010.0,9.34128336172629,0.01872,45044528.0,2
2024-01-01 00:03:31,5932990.0,11.279296875,0.018666,57544112.0,2
2024-01-01 00:03:32,6049490.0,9.35529081990189,0.016628,54564560.0,2
2024-01-01 00:03:33,5431440.0,9.75103734439834,0.016609,49053600.0,2
2024-01-01 00:03:34,7856910.0,9.52830188679245,0.013769,50482816.0,2
2024-01-01 00:03:35,6554590.0,9.92273281821879,0.014311,41362480.0,2
2024-01-01 00:03:36,6361710.0,11.9455252918288,0.014189,59542592.0,2
2024-01-01 00:03:37,5799610.0,12.7470638785448,0.015556,49525968.0,2
2024-01-01 00:03:38,5517330.0,11.5568725780716,0.016421,36372336.0,2
2024-01-01 00:03:39,3356300.0,7.52561733579708,104.047,83361624.0,3
2024-01-01 00:03:40,11241100.0,6.85268179846754,5.974,81368416.0,3
2024-01-01 00:03:41,9177660.0,6.91893897236134,5.945,63672784.0,3
2024-01-01 00:03:42,7681800.0,27.3545122294068,5.657,48254208.0,3
2024-01-01 00:03:43,5161410.0,33.3473861720067,7.916,28111952.0,3
2024-01-01 00:03:44,2016170.0,33.3333333333333,47.94,5523072.0,3
2024-01-01 00:03:45,906316.0,33.3333333333333,5.265,9265680.0,3
2024-01-01 00:03:46,1024870.0,31.4877910278251,5.623,6431472.0,3
2024-01-01 00:03:47,758274.0,24.4892324682496,6.274,4638896.0,3
2024-01-01 00:03:48,507668.0,30.6948640483384,6.546,3355024.0,3
2024-01-01 00:03:49,479954.0,33.3333333333333,5.845,11651744.0,3
2024-01-01 00:03:50,3707920.0,33.3333333333333,5.552,37232816.0,3
2024-01-01 00:03:51,3691660.0,33.3333333333333,4.856,41387232.0,3
2024-01-01 00:03:52,1565070.0,30.5991855730076,6.896,47128848.0,3
2024-01-01 00:03:53,2614990.0,25.9799945931333,6.055,17901536.0,3
2024-01-01 00:03:54,2592960.0,33.3197556008147,7.598,24042320.0,3
2024-01-01 00:03:55,5055950.0,28.1445259440369,9.122,20360272.0,3
2024-01-01 00:03:56,5540640.0,8.98158586997369,5.867,31721328.0,3
2024-01-01 00:03:57,5185960.0,8.72103974383123,13.971,26270928.0,3
2024-01-01 00:03:58,2566420.0,28.2946874082771,13.509,40090720.0,3
2024-01-01 00:03:59,8540250.0,25.6544502617801,13.355,51415440.0,3
2024-01-01 00:04:00,8168730.0,33.3333333333333,12.287,64169376.0,3
2024-01-01 00:04:01,7907010.0,33.3333333333333,7.012,63915024.0,3
2024-01-01 00:04:02,4393600.0,33.3333333333333,8.887,62376800.0,3
2024-01-01 00:04:03,5414180.0,33.3140710777232,10.487,56550928.0,3
2024-01-01 00:04:04,5357310.0,29.2290313470771,10.593,45008192.0,3
2024-01-01 00:04:05,5485210.0,7.11357607909332,6.957,41229248.0,3
2024-01-01 00:04:06,4858800.0,8.38052095130238,8.252,27070320.0,3
2024-01-01 00:04:07,3800030.0,10.2296450939457,11.094,40429856.0,3
2024-01-01 00:04:08,5178850.0,9.55414012738854,10.402,42089200.0,3
2024-01-01 00:04:09,5152450.0,9.77011494252874,10.818,40114944.0,3
2024-01-01 00:04:10,5402460.0,11.1111111111111,12.579,44512656.0,3
2024-01-01 00:04:11,5448410.0,13.3779264214047,14.89,36941600.0,3
2024-01-01 00:04:12,3942870.0,15.7142857142857,16.846,33647136.0,3
2024-01-01 00:04:13,5120260.0,15.5571128241065,19.03,40853776.0,3
2024-01-01 00:04:14,5083730.0,15.5650929899857,18.747,39364000.0,3
2024-01-01 00:04:15,3992440.0,15.5542986425339,16.746,44160352.0,3
2024-01-01 00:04:16,3828870.0,14.718954248366,18.012,42889120.0,3
2024-01-01 00:04:17,4430730.0,14.1484716157205,14.339,25738000.0,3
2024-01-01 00:04:18,4884670.0,16.1177753544166,13.985,42077088.0,3
2024-01-01 00:04:19,5105990.0,18.3440721649485,18.576,33441232.0,3
2024-01-01 00:04:20,4861560.0,18.3333333333333,16.979,30304224.0,3
2024-01-01 00:04:21,3863880.0,8.95226777579719,17.322,39993824.0,3
2024-01-01 00:04:22,7498020.0,8.71862615587847,16.795,43796992.0,3
2024-01-01 00:04:23,5828180.0,8.95912547528517,17.054,42779584.0,3
2024-01-01 00:04:24,6603300.0,9.14285714285714,20.596,43482608.0,3
2024-01-01 00:04:25,4640510.0,9.11901081916538,19.881,41762176.0,3
2024-01-01 00:04:26,5826980.0,9.08246225319396,20.068,53099008.0,3
2024-01-01 00:04:27,6754040.0,8.8060384263495,16.373,48278432.0,3
2024-01-01 00:04:28,3944460.0,12.1586475942783,14.14,18882608.0,3
2024-01-01 00:04:29,3361750.0,9.46271050521251,16.649,33622912.0,3
2024-01-01 00:04:30,5059780.0,9.24475877746906,17.997,46776544.0,3
2024-01-01 00:04:31,5810600.0,9.31729155008394,19.311,42864368.0,3
2024-01-01 00:04:32,5132710.0,9.14724107406314,17.407,41023344.0,3
2024-01-01 00:04:33,5386070.0,10.5263157894737,10.705,37740992.0,3
2024-01-01 00:04:34,4312440.0,9.08039329091961,13.698,39133872.0,3
2024-01-01 00:04:35,5463230.0,9.06336783640495,15.455,51403328.0,3
2024-01-01 00:04:36,6970350.0,8.53898231054816,15.008,55073264.0,3
2024-01-01 00:04:37,7049340.0,8.80840120017145,17.025,54298096.0,3
2024-01-01 00:04:38,6748830.0,8.89300602130616,12.426,54504000.0,3
2024-01-01 00:04:39,6613430.0,8.83710198431011,14.456,50289024.0,3
2024-01-01 00:04:40,6265600.0,8.76888778796136,15.032,52481296.0,3
2024-01-01 00:04:41,6571170.0,8.96986685353889,17.314,50216352.0,3
2024-01-01 00:04:42,6329510.0,10.336,18.984,33695584.0,3
2024-01-01 00:04:43,3950510.0,9.14217868803799,16.68,43724320.0,3
2024-01-01 00:04:44,5393310.0,8.79054258866323,16.98,40478304.0,3
2024-01-01 00:04:45,5132120.0,9.05313149302464,18.444,39194432.0,3
2024-01-01 00:04:46,4925090.0,9.03416557161629,13.337,37292848.0,3
2024-01-01 00:04:47,4661190.0,9.67741935483871,11.796,39993824.0,3
2024-01-01 00:04:48,5132250.0,10.8839779005525,12.761,42089200.0,3
2024-01-01 00:04:49,5294320.0,10.9760216143195,15.906,35233808.0,3
2024-01-01 00:04:50,4483850.0,10.9220297029703,15.923,40417744.0,3
2024-01-01 00:04:51,4659810.0,10.9949409780776,15.461,37195952.0,3
2024-01-01 00:04:52,4336070.0,12.1987951807229,8.828,21014320.0,3
2024-01-01 00:04:53,3010110.0,10.4226361031519,12.653,35669840.0,3
2024-01-01 00:04:54,4592670.0,9.63691890057686,14.061,36226992.0,3
2024-01-01 00:04:55,4538030.0,9.26041019266625,14.962,37280736.0,3
2024-01-01 00:04:56,4401290.0,9.72746331236897,16.487,29553280.0,3
2024-01-01 00:04:57,4077610.0,9.55234402537892,12.812,34289072.0,3
2024-01-01 00:04:58,4558010.0,10.4461756373938,14.073,34458640.0,3
2024-01-01 00:04:59,3134530.0,10.5456026058632,18.153,28075616.0,3
2024-01-01 00:05:00,4858010.0,12.5560538116592,17.183,19367088.0,3
2024-01-01 00:05:01,5507470.0,12.3391370174111,15.171,17719856.0,3
2024-01-01 00:05:02,5812060.0,13.5922330097087,10.348,42742448.0,3
2024-01-01 00:05:03,5495030.0,13.3,12.07,43701152.0,3
2024-01-01 00:05:04,2808080.0,13.2693393562959,13.415,20859248.0,3
2024-01-01 00:05:05,2708090.0,10.9675036927622,16.834,37232288.0,3
2024-01-01 00:05:06,3720710.0,10.0,14.594,36408672.0,3
2024-01-01 00:05:07,4419080.0,7.84313725490196,14.699,41192912.0,3
2024-01-01 00:05:08,4989080.0,7.8166323831913,11.306,42137648.0,3
2024-01-01 00:05:09,5742270.0,8.30694275274056,16.278,51027856.0,3
2024-01-01 00:05:10,6358920.0,9.63683156991707,17.532,39351888.0,3
2024-01-01 00:05:11,5082540.0,14.6699944536883,15.82,43106608.0,3
2024-01-01 00:05:12,5106300.0,16.9699534490055,17.139,28729664.0,3
2024-01-01 00:05:13,2987970.0,9.74593919200333,9.558,28051392.0,3
2024-01-01 00:05:14,3517830.0,11.347216319592,12.642,29577504.0,3
2024-01-01 00:05:15,4116330.0,11.0661764705882,13.606,34834112.0,3
2024-01-01 00:05:16,5551340.0,9.36587954364553,13.238,45734912.0,3
2024-01-01 00:05:17,4984390.0,10.1618122977346,14.8,32666064.0,3
2024-01-01 00:05:18,3087370.0,8.16876122082585,10.069,28681216.0,3
2024-01-01 00:05:19,4225390.0,7.2840790842872,16.919,38177024.0,3
2024-01-01 00:05:20,4891510.0,7.39673390970221,18.467,35948416.0,3
2024-01-01 00:05:21,4757820.0,7.19874804381847,3.89811,38237584.0,3
2024-01-01 00:05:22,194480.0,49.3589743589744,72.317,4112800.0,2
2024-01-01 00:05:23,613792.0,23.7816764132554,7.79,6564704.0,2
2024-01-01 00:05:24,1051730.0,9.07054871220605,4.95,11070368.0,2
2024-01-01 00:05:25,1947910.0,8.88538380651945,6.386,24345120.0,2
2024-01-01 00:05:26,3976380.0,4.20057757941717,12.816,44184576.0,2
2024-01-01 00:05:27,6833290.0,3.68564742589704,21.377,63721232.0,2
2024-01-01 00:05:28,9340050.0,3.6537625054371503,28.09,83355312.0,2
2024-01-01 00:05:29,10388200.0,3.73991689073576,25.841,83029344.0,2
2024-01-01 00:05:30,9871010.0,3.58765845491509,23.362,79868112.0,2
2024-01-01 00:05:31,11512100.0,3.55510411376333,25.316,93421968.0,2
2024-01-01 00:05:32,11262500.0,4.11462160176341,26.546,87281712.0,2
2024-01-01 00:05:33,10760900.0,3.80034032898469,22.506,82641760.0,2
2024-01-01 00:05:34,3705220.0,3.5873388042204,13.273,41823792.0,2
2024-01-01 00:05:35,3544800.0,4.1036717062635,13.029,42284576.0,2
2024-01-01 00:05:36,5138140.0,3.89926888708367,15.46,44063456.0,2
2024-01-01 00:05:37,5477740.0,4.33884297520661,15.554,39000640.0,2
2024-01-01 00:05:38,5319400.0,4.15461477780699,16.481,52699312.0,2
2024-01-01 00:05:39,5702770.0,5.05341002465078,14.337,50918848.0,2
2024-01-01 00:05:40,5660640.0,39.7923875432526,15.401,52529744.0,2
2024-01-01 00:05:41,5989510.0,26.0504201680672,15.853,49381680.0,2
2024-01-01 00:05:42,5892980.0,4.72813238770686,15.536,44088736.0,2
2024-01-01 00:05:43,1083620.0,4.80565371024735,188.368,28073112.0,2
2024-01-01 00:05:44,1828790.0,4.18679549114332,9.966,11130928.0,2
2024-01-01 00:05:45,2815400.0,3.18445824153815,11.206,19524544.0,2
2024-01-01 00:05:46,5967660.0,3.96341463414634,16.186,23509392.0,2
2024-01-01 00:05:47,6215430.0,4.06698564593302,16.031,25544208.0,2
2024-01-01 00:05:48,6531930.0,3.7900874635568496,16.423,24163440.0,2
2024-01-01 00:05:49,5817110.0,7.94160583941606,15.186,47419536.0,2
2024-01-01 00:05:50,6353670.0,6.65456745311555,15.278,60610560.0,2
2024-01-01 00:05:51,7881910.0,6.67227361928792,17.887,54819968.0,2
2024-01-01 00:05:52,6685500.0,6.6778217219349,15.673,49987808.0,2
2024-01-01 00:05:53,6407780.0,6.66867379196146,15.35,49430656.0,2
2024-01-01 00:05:54,6134200.0,5.14465244141903,14.707,49658400.0,2
2024-01-01 00:05:55,5865360.0,4.68282058263,15.042,52957104.0,2
2024-01-01 00:05:56,7938920.0,4.75624256837099,19.112,60029184.0,2
2024-01-01 00:05:57,6721970.0,4.93796526054591,16.154,50554688.0,2
2024-01-01 00:05:58,6022360.0,5.45832097300504,14.791,46210720.0,2
2024-01-01 00:05:59,5958900.0,5.13864156703129,15.938,44633776.0,2
2024-01-01 00:06:00,7430800.0,5.24985962942167,17.489,45784944.0,2
2024-01-01 00:06:01,6650350.0,5.42041248016922,17.762,50278496.0,2
2024-01-01 00:06:02,6429500.0,4.91035044824776,17.271,51065776.0,2
2024-01-01 00:06:03,6350970.0,4.83472003597931,16.727,56552512.0,2
2024-01-01 00:06:04,6298050.0,4.67196819085487,14.707,57170224.0,2
2024-01-01 00:06:05,8101190.0,22.0320855614973,18.57,46135664.0,2
2024-01-01 00:06:06,3033940.0,20.4588910133843,11.252,53052144.0,2
2024-01-01 00:06:07,2829090.0,14.0503875968992,12.684,48800832.0,2
2024-01-01 00:06:08,3908980.0,13.1349206349206,13.04,31491200.0,2
2024-01-01 00:06:09,4042740.0,11.6741741741742,14.798,33441232.0,2
2024-01-01 00:06:10,4248910.0,12.4322493224932,15.583,34567648.0,2
2024-01-01 00:06:11,4400980.0,11.3770491803279,13.774,38225472.0,2
2024-01-01 00:06:12,6887800.0,8.33631484794276,17.022,70843088.0,2
2024-01-01 00:06:13,7943360.0,9.14401258144237,26.453,51209536.0,2
2024-01-01 00:06:14,6049230.0,11.215961175519,18.321,43397296.0,2
2024-01-01 00:06:15,4991710.0,11.6589147286822,17.354,40296624.0,2
2024-01-01 00:06:16,5073200.0,11.4697406340058,15.265,39557792.0,2
2024-01-01 00:06:17,4605820.0,8.39499146272055,13.703,45831808.0,2
2024-01-01 00:06:18,6356700.0,6.92389006342495,17.44,44753840.0,2
2024-01-01 00:06:19,5630950.0,7.24940334128878,16.486,39242880.0,2
2024-01-01 00:06:20,4502150.0,7.77537796976242,12.772,33501792.0,2
2024-01-01 00:06:21,4066640.0,8.7374749498998,12.631,29141472.0,2
2024-01-01 00:06:22,3651730.0,8.55717574827322,12.579,33041536.0,2
2024-01-01 00:06:23,4415660.0,7.23127035830619,13.206,36033200.0,2
2024-01-01 00:06:24,4538890.0,8.32132564841499,14.465,35367040.0,2
2024-01-01 00:06:25,4132070.0,8.79032258064516,14.695,29286816.0,2
2024-01-01 00:06:26,3751130.0,8.22481151473612,13.072,38891632.0,2
2024-01-01 00:06:27,5260210.0,7.46901500326158,14.214,35088464.0,2
2024-01-01 00:06:28,4546180.0,7.20022154527832,13.982,44354144.0,2
2024-01-01 00:06:29,5942260.0,6.96601941747573,16.508,49162608.0,2
2024-01-01 00:06:30,6132830.0,6.98555529244613,15.711,51803024.0,2
2024-01-01 00:06:31,6800450.0,7.05489994869164,17.908,46788656.0,2
2024-01-01 00:06:32,5734370.0,6.85742476566354,16.246,49477520.0,2
2024-01-01 00:06:33,6213670.0,7.11340206185567,18.07,45843920.0,2
2024-01-01 00:06:34,6171330.0,6.86118076134032,16.561,54370768.0,2
2024-01-01 00:06:35,6439060.0,7.00863382427628,17.229,47999856.0,2
2024-01-01 00:06:36,6976600.0,6.76008331755349,17.98,64169376.0,2
2024-01-01 00:06:37,7350750.0,6.89487739742656,18.737,50373808.0,2
2024-01-01 00:06:38,5839830.0,7.00570835495589,16.341,46413184.0,2
2024-01-01 00:06:39,6238810.0,7.03784044348036,18.95,48120976.0,2
2024-01-01 00:06:40,5728890.0,7.12666018788468,17.238,36626688.0,2
2024-01-01 00:06:41,3909950.0,8.7719298245614,16.326,30485904.0,2
2024-01-01 00:06:42,4161010.0,8.78353546490261,14.218,32908304.0,2
2024-01-01 00:06:43,8637620.0,8.71035940803383,22.666,27966608.0,2
2024-01-01 00:06:44,4673300.0,8.33333333333333,14.593,33986272.0,2
2024-01-01 00:06:45,5934100.0,7.09101060859855,17.535,47867680.0,2
2024-01-01 00:06:46,5541640.0,7.20145852324522,16.199,45009776.0,2
2024-01-01 00:06:47,5882760.0,6.95652173913044,18.926,42974432.0,2
2024-01-01 00:06:48,6803840.0,6.75422138836773,17.222,60815936.0,2
2024-01-01 00:06:49,6781610.0,7.80463242698892,18.277,54130112.0,2
2024-01-01 00:06:50,6989890.0,6.58313072751075,17.727,60705344.0,2
2024-01-01 00:06:51,6786090.0,6.85954269715352,18.151,51536560.0,2
2024-01-01 00:06:52,6133750.0,7.08530147263129,15.948,44426816.0,2
2024-01-01 00:06:53,5419520.0,7.54889975550122,16.35,38382928.0,2
2024-01-01 00:06:54,4296500.0,9.02623388172521,13.786,24890160.0,2
2024-01-01 00:06:55,2703870.0,9.28527794746488,11.007,19560880.0,2
2024-01-01 00:06:56,2317990.0,8.22610294117647,10.127,28099840.0,2
2024-01-01 00:06:57,4552220.0,7.83555867884751,15.988,33865152.0,2
2024-01-01 00:06:58,3917730.0,8.26347305389222,12.343,31261072.0,2
2024-01-01 00:06:59,4186100.0,8.15688996876085,14.699,35427600.0,2
2024-01-01 00:07:00,3338040.0,10.5390672319806,12.583,19027952.0,2
2024-01-01 00:07:01,3003920.0,8.76565295169946,11.843,29056688.0,2
2024-01-01 00:07:02,4594020.0,7.07890318970341,14.616,41507824.0,2
2024-01-01 00:07:03,5018540.0,7.41573033707865,16.427,38855296.0,2
2024-01-01 00:07:04,4962470.0,7.20478325859492,16.001,40272400.0,2
2024-01-01 00:07:05,5672030.0,6.8685376661743,15.9,49162608.0,2
2024-01-01 00:07:06,5959360.0,6.94294940796555,15.745,46437408.0,2
2024-01-01 00:07:07,7117000.0,6.69172932330827,17.251,64702304.0,2
2024-01-01 00:07:08,7105490.0,6.99178900223936,20.309,45444224.0,2
2024-01-01 00:07:09,5382390.0,7.01622971285893,14.649,50943072.0,2
2024-01-01 00:07:10,5837580.0,7.07798308800501,16.689,38237584.0,2
2024-01-01 00:07:11,5414130.0,7.32600732600733,16.239,35597168.0,2
2024-01-01 00:07:12,2840590.0,11.2271540469974,8.812,15515472.0,2
2024-01-01 00:07:13,2421140.0,8.86411889596603,8.58,23485168.0,2
2024-01-01 00:07:14,3490980.0,8.88171174808236,10.77,30001424.0,2
2024-01-01 00:07:15,3513080.0,8.85714285714286,10.811,24974944.0,2
2024-01-01 00:07:16,2980140.0,9.01960784313726,11.399,25180848.0,2
2024-01-01 00:07:17,4211370.0,7.1014092290688,12.907,45395776.0,2
2024-01-01 00:07:18,5402380.0,7.10754017305315,17.067,37450304.0,2
2024-01-01 00:07:19,2678979.0,66.6666666666667,23.923,75040680.0,1
2024-01-01 00:07:20,9685672.0,9.735663729597,17.191,61964992.0,1
2024-01-01 00:07:21,5506744.0,10.5589146143637,8.951,29625952.0,1
2024-01-01 00:07:22,2956816.0,11.7647058823529,5.216,15685040.0,1
2024-01-01 00:07:23,1335056.0,11.4009058253943,2.763,6165008.0,1
2024-01-01 00:07:24,499560.0,12.117484238044,54.96,2180160.0,1
2024-01-01 00:07:25,209960.0,11.3925994165515,0.491,1211200.0,1
2024-01-01 00:07:26,144800.0,12.0037807183365,50.198,1937920.0,1
2024-01-01 00:07:27,246160.0,11.6523400191022,1.777,2119600.0,1
2024-01-01 00:07:28,260640.0,11.4597754191663,41.408,2361840.0,1
2024-01-01 00:07:29,318560.0,11.7852798053528,1.233,2725200.0,1
2024-01-01 00:07:30,311320.0,12.1087314662273,1.68,3028000.0,1
2024-01-01 00:07:31,412680.0,11.7009916094584,1.807,3694160.0,1
2024-01-01 00:07:32,463360.0,11.8371367591528,56.257,4178640.0,1
2024-01-01 00:07:33,485080.0,11.377245508982,2.077,4178640.0,1
2024-01-01 00:07:34,514040.0,11.712306169581,1.862,4311872.0,1
2024-01-01 00:07:35,493768.0,12.2265558758691,2.202,4287648.0,1
2024-01-01 00:07:36,543000.0,12.5021856968001,95.057,4796352.0,1
2024-01-01 00:07:37,586440.0,14.3455896361212,2.322,5087040.0,1
2024-01-01 00:07:38,621192.0,12.5932835820896,2.007,4832688.0,1
2024-01-01 00:07:39,599472.0,17.7957781050565,2.531,5147600.0,1
2024-01-01 00:07:40,647256.0,18.2737169517885,1.912,5026480.0,1
2024-01-01 00:07:41,550240.0,17.9111882907467,2.263,5389840.0,1
2024-01-01 00:07:42,635672.0,17.3652694610778,1.982,4105968.0,1
2024-01-01 00:07:43,434400.0,11.545380212592,2.544,4978032.0,1
2024-01-01 00:07:44,690696.0,14.395702775291,3.487,6782720.0,1
2024-01-01 00:07:45,890520.0,9.23450789793439,3.213,7012848.0,1
2024-01-01 00:07:46,812328.0,9.42839063488716,3.528,8030256.0,1
2024-01-01 00:07:47,1019392.0,9.16605437178545,3.941,8720640.0,1
2024-01-01 00:07:48,996224.0,8.74355784609917,4.561,9011328.0,1
2024-01-01 00:07:49,1177224.0,9.17976236105788,3.969,10065072.0,1
2024-01-01 00:07:50,1329264.0,9.16060546491056,4.226,12063552.0,1
2024-01-01 00:07:51,1390080.0,9.17785917785918,4.43,12681264.0,1
2024-01-01 00:07:52,1663752.0,9.41724941724942,5.629,14643408.0,1
2024-01-01 00:07:53,1701400.0,10.180754917597,6.392,14643408.0,1
2024-01-01 00:07:54,2044576.0,11.9229593396515,5.819,18737264.0,1
2024-01-01 00:07:55,2074984.0,14.346439957492,6.189,17731968.0,1
2024-01-01 00:07:56,2241504.0,11.2119836586473,7.234,19415536.0,1
2024-01-01 00:07:57,2419608.0,8.95334174022699,8.079,22092288.0,1
2024-01-01 00:07:58,2657080.0,9.03161063723031,4.72,22261856.0,1
2024-01-01 00:07:59,1710088.0,8.81447267128561,8.03,12875056.0,1
2024-01-01 00:08:00,2580336.0,6.80089485458613,9.376,24114992.0,1
2024-01-01 00:08:01,2952472.0,7.92701166616811,9.255,26028688.0,1
2024-01-01 00:08:02,3229040.0,7.8252957233849,9.963,26682736.0,1
2024-01-01 00:08:03,3540360.0,6.9672131147541,8.93,32121024.0,1
2024-01-01 00:08:04,3488232.0,7.20384204909285,10.927,31806112.0,1
2024-01-01 00:08:05,3993584.0,7.67139836907279,12.166,34725104.0,1
2024-01-01 00:08:06,4183272.0,9.8201263976665,12.581,35040016.0,1
2024-01-01 00:08:07,4277392.0,9.3235831809872,12.444,37195952.0,1
2024-01-01 00:08:08,4771160.0,9.11572052401747,13.983,41713728.0,1
2024-01-01 00:08:09,4698760.0,8.61774744027304,8.247,30594912.0,1
2024-01-01 00:08:10,2961160.0,6.96436834798704,13.759,33235328.0,1
2024-01-01 00:08:11,5005736.0,6.99259259259259,13.545,40951200.0,1
2024-01-01 00:08:12,4994152.0,8.89305816135085,13.492,46340512.0,1
2024-01-01 00:08:13,5335880.0,8.78455130632336,14.416,43337264.0,1
2024-01-01 00:08:14,5357600.0,8.46449807625044,14.234,43362016.0,1
2024-01-01 00:08:15,5240312.0,6.92906929069291,13.411,43809104.0,1
2024-01-01 00:08:16,4939128.0,7.07894736842105,14.45,41218192.0,1
2024-01-01 00:08:17,5137504.0,6.99619771863118,13.967,45190400.0,1
2024-01-01 00:08:18,5457512.0,7.23718964606445,14.708,43071328.0,1
2024-01-01 00:08:19,5251896.0,7.31425267418329,15.124,44281472.0,1
2024-01-01 00:08:20,5057864.0,7.40269651488171,5.629,21969312.0,1
2024-01-01 00:08:21,1743392.0,6.75262237762238,13.149,35127184.0,1
2024-01-01 00:08:22,5189632.0,6.84224115672605,13.732,44269360.0,1
2024-01-01 00:08:23,5188184.0,7.17001629549158,13.589,42792224.0,1
2024-01-01 00:08:24,5095512.0,7.3394495412844,14.678,42646352.0,1
2024-01-01 00:08:25,5079584.0,7.44995077125041,13.977,40561760.0,1
2024-01-01 00:08:26,4792880.0,7.2215777262181,15.064,41631856.0,1
2024-01-01 00:08:27,4937680.0,7.13206406769417,16.229,41629472.0,1
2024-01-01 00:08:28,5180944.0,7.18509757539917,13.261,43179280.0,1
2024-01-01 00:08:29,4779848.0,6.6641206797785,15.841,39134400.0,1
2024-01-01 00:08:30,4953608.0,6.88676811968016,13.475,42028640.0,1
2024-01-01 00:08:31,5041936.0,7.11484593837535,20.501,24248224.0,1
2024-01-01 00:08:32,2130008.0,7.19861231569818,14.11,38370816.0,1
2024-01-01 00:08:33,5611000.0,7.17902889484659,13.708,44582416.0,1
2024-01-01 00:08:34,5004288.0,6.80015111446921,14.187,44805200.0,1
2024-01-01 00:08:35,5456064.0,6.87038556193601,13.33,43324624.0,1
2024-01-01 00:08:36,5034696.0,7.00969425801641,13.229,40503584.0,1
2024-01-01 00:08:37,5088272.0,7.6972010178117,14.197,46219920.0,1
2024-01-01 00:08:38,5415520.0,6.94677871148459,13.536,43446272.0,1
2024-01-01 00:08:39,5134608.0,7.73480662983425,14.643,44742784.0,1
2024-01-01 00:08:40,5668920.0,7.00726505741739,13.341,44694336.0,1
2024-01-01 00:08:41,5134608.0,7.33128834355828,12.858,44475792.0,1
2024-01-01 00:08:42,5290992.0,7.50153092467851,6.91,23327712.0,1
2024-01-01 00:08:43,2502144.0,7.48112560054907,13.793,42695328.0,1
2024-01-01 00:08:44,5564664.0,6.900974858902,13.039,43543168.0,1
2024-01-01 00:08:45,4842112.0,6.84298908480269,13.447,42173984.0,1
2024-01-01 00:08:46,5218592.0,6.9652965788826,12.463,42840144.0,1
2024-01-01 00:08:47,5160672.0,7.04787234042553,12.942,42574208.0,1
2024-01-01 00:08:48,5040488.0,6.94371383482378,13.932,42562096.0,1
2024-01-01 00:08:49,5270720.0,7.89558491782146,13.0,43713264.0,1
2024-01-01 00:08:50,4829080.0,6.65634674922601,13.303,40636288.0,1
2024-01-01 00:08:51,5253344.0,6.80501930501931,12.936,44621664.0,1
2024-01-01 00:08:52,4706000.0,6.90763052208835,21.281,38576720.0,1
2024-01-01 00:08:53,4110872.0,6.86022610483042,9.679,22673664.0,1
2024-01-01 00:08:54,3732944.0,7.16769189622894,12.795,43603728.0,1
2024-01-01 00:08:55,5096960.0,6.85678339274481,12.939,42186624.0,1
2024-01-01 00:08:56,5004288.0,6.77663843067321,13.483,42186624.0,1
2024-01-01 00:08:57,4784192.0,6.90854870775348,50.4853,28529768.0,1
2024-01-01 00:08:58,194480.0,49.3589743589744,72.317,83361624.0,3
2024-01-01 00:08:59,613792.0,23.7816764132554,7.79,81368416.0,3
2024-01-01 00:09:00,1051730.0,9.07054871220605,4.95,63672784.0,3
2024-01-01 00:09:01,1947910.0,8.88538380651945,6.386,48254208.0,3
2024-01-01 00:09:02,3976380.0,4.20057757941717,12.816,28111952.0,3
2024-01-01 00:09:03,6833290.0,3.68564742589704,21.377,5523072.0,3
2024-01-01 00:09:04,9340050.0,3.6537625054371503,28.09,9265680.0,3
2024-01-01 00:09:05,10388200.0,3.73991689073576,25.841,6431472.0,3
2024-01-01 00:09:06,9871010.0,3.58765845491509,23.362,4638896.0,3
2024-01-01 00:09:07,11512100.0,3.55510411376333,25.316,3355024.0,3
2024-01-01 00:09:08,11262500.0,4.11462160176341,26.546,11651744.0,3
2024-01-01 00:09:09,10760900.0,3.80034032898469,22.506,37232816.0,3
2024-01-01 00:09:10,3705220.0,3.5873388042204,13.273,41387232.0,3
2024-01-01 00:09:11,3544800.0,4.1036717062635,13.029,47128848.0,3
2024-01-01 00:09:12,5138140.0,3.89926888708367,15.46,17901536.0,3
2024-01-01 00:09:13,5477740.0,4.33884297520661,15.554,24042320.0,3
2024-01-01 00:09:14,5319400.0,4.15461477780699,16.481,20360272.0,3
2024-01-01 00:09:15,5702770.0,5.05341002465078,14.337,31721328.0,3
2024-01-01 00:09:16,5660640.0,39.7923875432526,15.401,26270928.0,3
2024-01-01 00:09:17,5989510.0,26.0504201680672,15.853,40090720.0,3
2024-01-01 00:09:18,5892980.0,4.72813238770686,15.536,51415440.0,3
2024-01-01 00:09:19,1083620.0,4.80565371024735,188.368,64169376.0,3
2024-01-01 00:09:20,1828790.0,4.18679549114332,9.966,63915024.0,3
2024-01-01 00:09:21,2815400.0,3.18445824153815,11.206,62376800.0,3
2024-01-01 00:09:22,5967660.0,3.96341463414634,16.186,56550928.0,3
2024-01-01 00:09:23,6215430.0,4.06698564593302,16.031,45008192.0,3
2024-01-01 00:09:24,6531930.0,3.7900874635568496,16.423,41229248.0,3
2024-01-01 00:09:25,5817110.0,7.94160583941606,15.186,27070320.0,3
2024-01-01 00:09:26,6353670.0,6.65456745311555,15.278,40429856.0,3
2024-01-01 00:09:27,7881910.0,6.67227361928792,17.887,42089200.0,3
2024-01-01 00:09:28,6685500.0,6.6778217219349,15.673,40114944.0,3
2024-01-01 00:09:29,6407780.0,6.66867379196146,15.35,44512656.0,3
2024-01-01 00:09:30,6134200.0,5.14465244141903,14.707,36941600.0,3
2024-01-01 00:09:31,5865360.0,4.68282058263,15.042,33647136.0,3
2024-01-01 00:09:32,7938920.0,4.75624256837099,19.112,40853776.0,3
2024-01-01 00:09:33,6721970.0,4.93796526054591,16.154,39364000.0,3
2024-01-01 00:09:34,6022360.0,5.45832097300504,14.791,44160352.0,3
2024-01-01 00:09:35,5958900.0,5.13864156703129,15.938,42889120.0,3
2024-01-01 00:09:36,7430800.0,5.24985962942167,17.489,25738000.0,3
2024-01-01 00:09:37,6650350.0,5.42041248016922,17.762,42077088.0,3
2024-01-01 00:09:38,6429500.0,4.91035044824776,17.271,33441232.0,3
2024-01-01 00:09:39,6350970.0,4.83472003597931,16.727,30304224.0,3
2024-01-01 00:09:40,6298050.0,4.67196819085487,14.707,39993824.0,3
2024-01-01 00:09:41,8101190.0,22.0320855614973,18.57,43796992.0,3
2024-01-01 00:09:42,3033940.0,20.4588910133843,11.252,42779584.0,3
2024-01-01 00:09:43,2829090.0,14.0503875968992,12.684,43482608.0,3
2024-01-01 00:09:44,3908980.0,13.1349206349206,13.04,41762176.0,3
2024-01-01 00:09:45,4042740.0,11.6741741741742,14.798,53099008.0,3
2024-01-01 00:09:46,4248910.0,12.4322493224932,15.583,48278432.0,3
2024-01-01 00:09:47,4400980.0,11.3770491803279,13.774,18882608.0,3
2024-01-01 00:09:48,6887800.0,8.33631484794276,17.022,33622912.0,3
2024-01-01 00:09:49,7943360.0,9.14401258144237,26.453,46776544.0,3
2024-01-01 00:09:50,6049230.0,11.215961175519,18.321,42864368.0,3
2024-01-01 00:09:51,4991710.0,11.6589147286822,17.354,41023344.0,3
2024-01-01 00:09:52,5073200.0,11.4697406340058,15.265,37740992.0,3
2024-01-01 00:09:53,4605820.0,8.39499146272055,13.703,39133872.0,3
2024-01-01 00:09:54,6356700.0,6.92389006342495,17.44,51403328.0,3
2024-01-01 00:09:55,5630950.0,7.24940334128878,16.486,55073264.0,3
2024-01-01 00:09:56,4502150.0,7.77537796976242,12.772,54298096.0,3
2024-01-01 00:09:57,4066640.0,8.7374749498998,12.631,54504000.0,3
2024-01-01 00:09:58,3651730.0,8.55717574827322,12.579,50289024.0,3
2024-01-01 00:09:59,4415660.0,7.23127035830619,13.206,52481296.0,3
2024-01-01 00:10:00,4538890.0,8.32132564841499,14.465,50216352.0,3
2024-01-01 00:10:01,4132070.0,8.79032258064516,14.695,33695584.0,3
2024-01-01 00:10:02,3751130.0,8.22481151473612,13.072,43724320.0,3
2024-01-01 00:10:03,5260210.0,7.46901500326158,14.214,40478304.0,3
2024-01-01 00:10:04,4546180.0,7.20022154527832,13.982,39194432.0,3
2024-01-01 00:10:05,5942260.0,6.96601941747573,16.508,37292848.0,3
2024-01-01 00:10:06,6132830.0,6.98555529244613,15.711,39993824.0,3
2024-01-01 00:10:07,6800450.0,7.05489994869164,17.908,42089200.0,3
2024-01-01 00:10:08,5734370.0,6.85742476566354,16.246,35233808.0,3
2024-01-01 00:10:09,6213670.0,7.11340206185567,18.07,40417744.0,3
2024-01-01 00:10:10,6171330.0,6.86118076134032,16.561,37195952.0,3
2024-01-01 00:10:11,6439060.0,7.00863382427628,17.229,21014320.0,3
2024-01-01 00:10:12,6976600.0,6.76008331755349,17.98,35669840.0,3
2024-01-01 00:10:13,7350750.0,6.89487739742656,18.737,36226992.0,3
2024-01-01 00:10:14,5839830.0,7.00570835495589,16.341,37280736.0,3
2024-01-01 00:10:15,6238810.0,7.03784044348036,18.95,29553280.0,3
2024-01-01 00:10:16,5728890.0,7.12666018788468,17.238,34289072.0,3
2024-01-01 00:10:17,3909950.0,8.7719298245614,16.326,34458640.0,3
2024-01-01 00:10:18,4161010.0,8.78353546490261,14.218,28075616.0,3
2024-01-01 00:10:19,8637620.0,8.71035940803383,22.666,19367088.0,3
2024-01-01 00:10:20,4673300.0,8.33333333333333,14.593,17719856.0,3
2024-01-01 00:10:21,5934100.0,7.09101060859855,17.535,42742448.0,3
2024-01-01 00:10:22,5541640.0,7.20145852324522,16.199,43701152.0,3
2024-01-01 00:10:23,5882760.0,6.95652173913044,18.926,20859248.0,3
2024-01-01 00:10:24,6803840.0,6.75422138836773,17.222,37232288.0,3
2024-01-01 00:10:25,6781610.0,7.80463242698892,18.277,36408672.0,3
2024-01-01 00:10:26,6989890.0,6.58313072751075,17.727,41192912.0,3
2024-01-01 00:10:27,6786090.0,6.85954269715352,18.151,42137648.0,3
2024-01-01 00:10:28,6133750.0,7.08530147263129,15.948,51027856.0,3
2024-01-01 00:10:29,5419520.0,7.54889975550122,16.35,39351888.0,3
2024-01-01 00:10:30,4296500.0,9.02623388172521,13.786,43106608.0,3
2024-01-01 00:10:31,2703870.0,9.28527794746488,11.007,28729664.0,3
2024-01-01 00:10:32,2317990.0,8.22610294117647,10.127,28051392.0,3
2024-01-01 00:10:33,4552220.0,7.83555867884751,15.988,29577504.0,3
2024-01-01 00:10:34,3917730.0,8.26347305389222,12.343,34834112.0,3
2024-01-01 00:10:35,4186100.0,8.15688996876085,14.699,45734912.0,3
2024-01-01 00:10:36,3338040.0,10.5390672319806,12.583,32666064.0,3
2024-01-01 00:10:37,3003920.0,8.76565295169946,11.843,28681216.0,3
2024-01-01 00:10:38,4594020.0,7.07890318970341,14.616,38177024.0,3
2024-01-01 00:10:39,5018540.0,7.41573033707865,16.427,35948416.0,3
2024-01-01 00:10:40,4962470.0,7.20478325859492,16.001,38237584.0,3
2024-01-01 00:10:41,5672030.0,6.8685376661743,15.9,33574464.0,3
2024-01-01 00:10:42,5959360.0,6.94294940796555,15.745,21728928.0,3
2024-01-01 00:10:43,7117000.0,6.69172932330827,17.251,30219440.0,3
2024-01-01 00:10:44,7105490.0,6.99178900223936,20.309,37910560.0,3
2024-01-01 00:10:45,5382390.0,7.01622971285893,14.649,25035504.0,3
2024-01-01 00:10:46,5837580.0,7.07798308800501,16.689,46752320.0,3
2024-01-01 00:10:47,5414130.0,7.32600732600733,16.239,62086112.0,3
2024-01-01 00:10:48,2840590.0,11.2271540469974,8.812,64011920.0,3
2024-01-01 00:10:49,2421140.0,8.86411889596603,8.58,52638752.0,3
2024-01-01 00:10:50,3490980.0,8.88171174808236,10.77,50301136.0,3
2024-01-01 00:10:51,3513080.0,8.85714285714286,10.811,47624384.0,3
2024-01-01 00:10:52,2980140.0,9.01960784313726,11.399,24878048.0,3
2024-01-01 00:10:53,4211370.0,7.1014092290688,12.907,34906784.0,3
2024-01-01 00:10:54,5402380.0,7.10754017305315,17.067,37922672.0,3
2024-01-01 00:10:55,9069003.0,0.0034533278489542,0.0002651966102055,441188.576607832,3
2024-01-01 00:10:56,11320464.0,0.00031052853617,0.0002789111992022,436995.206318087,3
2024-01-01 00:10:57,10438632.0,0.0001719345683624,0.00025781430256,493798.421227813,3
2024-01-01 00:10:58,10012920.0,0.0001219677703418,0.0002818313443776,466062.67046806,3
2024-01-01 00:10:59,10120072.0,9.49845642716e-05,0.0002702249536317,484496.201038269,3
2024-01-01 00:11:00,9115160.0,7.83849625227e-05,0.000272210461,480218.383660792,3
2024-01-01 00:11:01,8819768.0,6.74370144337e-05,0.0002733847619691,463188.116861194,3
2024-01-01 00:11:02,9522048.0,5.90295486322e-05,0.0002660778217653,571538.524758311,3
2024-01-01 00:11:03,9099232.0,5.23834664169e-05,0.0002846676054715,601120.65563861,3
2024-01-01 00:11:04,8877688.0,4.72521896239e-05,0.0002693114493057,590414.673324069,3
2024-01-01 00:11:05,7406288.0,4.33946610305e-05,0.0002695369668964,529230.531397701,3
2024-01-01 00:11:06,7668840.0,4.03540311265e-05,0.0002675729941807,612860.801627044,3
2024-01-01 00:11:07,7531048.0,3.76897920218e-05,0.0002770914215346,740788.066769328,3
2024-01-01 00:11:08,7394936.0,3.53953784071e-05,0.0002540841891872,705727.276355372,3
2024-01-01 00:11:09,6951848.0,3.3438081851e-05,0.0002650598958845,732259.136127465,3
2024-01-01 00:11:10,6330656.0,3.18092840465e-05,0.0002780175926693,722867.453733235,3
2024-01-01 00:11:11,5884672.0,3.04457217536e-05,0.0002704633318859,677627.455914646,3
2024-01-01 00:11:12,5363392.0,2.92896309947e-05,0.0002756866999433,805457.546598124,3
2024-01-01 00:11:13,5311264.0,2.82715021764e-05,0.000253443181152,860604.979617961,3
2024-01-01 00:11:14,5401040.0,2.63754127233e-05,0.0004132051501124,833632.53237092,3
2024-01-01 00:11:15,5057864.0,2.55629545298e-05,0.0001293783387834,777561.265101166,3
2024-01-01 00:11:16,5348912.0,2.48031080984e-05,0.0001320198231446,791966.950122642,3
2024-01-01 00:11:17,5101304.0,2.40838721014e-05,0.0001379186553466,790369.037352521,3
2024-01-01 00:11:18,5538600.0,2.33936409621e-05,0.0001445331864367,780343.419753714,3
2024-01-01 00:11:19,5412624.0,2.27230257226e-05,0.0001469902660224,758450.945337605,3
2024-01-01 00:11:20,5321400.0,2.21021015027e-05,0.000160716759418,845866.856995483,3
2024-01-01 00:11:21,5683400.0,2.14999380931e-05,0.0001624938218166,821530.989553974,3
2024-01-01 00:11:22,5282304.0,2.09313393828e-05,0.0001488575871022,840709.874516416,3
2024-01-01 00:11:23,5545840.0,2.03989108833e-05,0.0001608749320256,823198.906871357,3
2024-01-01 00:11:24,5474888.0,1.98839973437e-05,0.000167163741661,838579.146231799,3
2024-01-01 00:11:25,5364840.0,1.94023313794e-05,0.0001903247468906,800380.690710556,3
2024-01-01 00:11:26,5569008.0,1.8939608444e-05,0.0001854262004989,823891.904775777,3
2024-01-01 00:11:27,5332984.0,1.84995596657e-05,0.0001981700382969,846311.419748995,3
2024-01-01 00:11:28,5224384.0,1.80925127839e-05,0.0001916241313393,900435.543900989,3
2024-01-01 00:11:29,5133160.0,1.77102102333e-05,0.000206340789399,866428.564232015,3
2024-01-01 00:11:30,5361944.0,1.73390972262e-05,0.0002389576446496,862112.438573451,3
2024-01-01 00:11:31,5535704.0,1.69698039488e-05,0.0002505189667707,868913.129810916,3
2024-01-01 00:11:32,5189632.0,1.66212755487e-05,0.0002676467885261,810234.172195049,3
2024-01-01 00:11:33,5453168.0,1.6289424204e-05,0.0002700872436763,842694.493889532,3
2024-01-01 00:11:34,5334432.0,1.59662389158e-05,0.0002660537614585,825795.918778685,3
2024-01-01 00:11:35,5583488.0,1.56520626842e-05,0.0002645470994584,777972.93426915,3
2024-01-01 00:11:36,4978224.0,1.53595319946e-05,0.0002797465136123,855686.331879919,3
2024-01-01 00:11:37,5334432.0,1.50843741437e-05,0.0002769664834166,816815.906137432,3
2024-01-01 00:11:38,5159224.0,1.48142463798e-05,0.0002747685905991,799861.372208974,3
2024-01-01 00:11:39,5513984.0,1.45493602379e-05,0.0002553260672763,807912.188275223,3
2024-01-01 00:11:40,5082480.0,1.42954420345e-05,0.0002729953528431,779605.955971198,3
2024-01-01 00:11:41,5376424.0,1.40534566627e-05,0.0002646496847683,853596.235259996,3
2024-01-01 00:11:42,5073792.0,1.38196448753e-05,0.0002609011414763,865763.481778649,3
2024-01-01 00:11:43,5425656.0,1.35925158311e-05,0.0002609156813296,896599.978859105,3
2024-01-01 00:11:44,5301128.0,1.33680297503e-05,0.0002760336543973,844597.422981389,3
2024-01-01 00:11:45,5346016.0,1.31524425505e-05,0.0002529293047642,839011.513070187,3
2024-01-01 00:11:46,5652992.0,1.29369166233e-05,0.0002769185741163,874385.554386706,3
2024-01-01 00:11:47,5185288.0,1.27312601607e-05,0.0002480096859654,820181.049058794,3
2024-01-01 00:11:48,5438688.0,1.25360106189e-05,0.0002767891106369,838090.697865791,3
2024-01-01 00:11:49,5221488.0,1.23459567597e-05,0.0002834639855232,979366.266457827,3
2024-01-01 00:11:50,5306920.0,1.21638491638e-05,0.0002703583578138,858372.995186633,3
2024-01-01 00:11:51,5419864.0,1.19837820444e-05,0.0002671718213485,825702.503898683,3
2024-01-01 00:11:52,5708016.0,1.18025249809e-05,0.0002703265452281,851358.668022551,3
2024-01-01 00:11:53,5637064.0,1.16232620971e-05,0.0002656110389788,872734.387625696,3
2024-01-01 00:11:54,5471992.0,1.14529192642e-05,0.0002651966102055,865487.246086464,3
2024-01-01 00:11:55,5466200.0,1.12900149409e-05,0.0002789111992022,818770.467903387,3
2024-01-01 00:11:56,5612448.0,1.1129687457e-05,0.00025781430256,898413.777029638,3
2024-01-01 00:11:57,5046280.0,1.09796283701e-05,0.0002818313443776,909004.728839972,3
2024-01-01 00:11:58,5249000.0,1.08385403124e-05,0.0002702249536317,810422.335062526,3
2024-01-01 00:11:59,5515432.0,1.06948370363e-05,0.000272210461,891063.165335149,3
2024-01-01 00:12:00,5182392.0,1.05557147529e-05,0.0002733847619691,862686.661091229,3
2024-01-01 00:12:01,5021664.0,1.04263685218e-05,0.0002660778217653,893778.111361801,3
2024-01-01 00:12:02,5292440.0,1.02988141887e-05,0.0002846676054715,852371.533142709,3
2024-01-01 00:12:03,5366288.0,1.01702287548e-05,0.0002693114493057,775255.629672309,3
2024-01-01 00:12:04,5483576.0,1.00426143243e-05,0.0002695369668964,802315.895371002,3
2024-01-01 00:12:05,5369184.0,9.9181027242e-06,0.0002675729941807,854250.002599154,3
2024-01-01 00:12:06,5670368.0,9.7945967442e-06,0.0002770914215346,851009.723642972,3
2024-01-01 00:12:07,5537152.0,9.6723003674e-06,0.0002540841891872,843244.574847101,3
2024-01-01 00:12:08,5557424.0,9.5542135608e-06,0.0002650598958845,914621.539510947,3
2024-01-01 00:12:09,5403936.0,9.4403495283e-06,0.0002780175926693,829670.8411853,3
2024-01-01 00:12:10,5246104.0,9.3322874746e-06,0.0002704633318859,839801.442258243,3
2024-01-01 00:12:11,5603760.0,9.2247190542e-06,0.0002756866999433,804814.287458152,3
2024-01-01 00:12:12,5383664.0,9.1182640226e-06,0.000253443181152,920753.087037875,3
2024-01-01 00:12:13,5525568.0,8.9149366122e-06,0.0004132051501124,941023.963161371,3
2024-01-01 00:12:14,5521224.0,8.8149495e-06,0.0001293783387834,850908.274680424,3
2024-01-01 00:12:15,5305472.0,8.7190990954e-06,0.0001320198231446,847637.056049925,3
2024-01-01 00:12:16,5427104.0,8.6261273718e-06,0.0001379186553466,798608.970836918,3
2024-01-01 00:12:17,5450272.0,8.5339004287e-06,0.0001445331864367,879716.478620666,3
2024-01-01 00:12:18,5114336.0,8.4461821112e-06,0.0001469902660224,849232.58228861,3
2024-01-01 00:12:19,5466200.0,8.3601394905e-06,0.000160716759418,823946.323675078,3
2024-01-01 00:12:20,5315608.0,8.2742437582e-06,0.0001624938218166,854104.086764944,3
2024-01-01 00:12:21,5602312.0,8.1890448731e-06,0.0001488575871022,832423.840630075,3
2024-01-01 00:12:22,5063656.0,8.1074673379e-06,0.0001608749320256,837260.443851803,3
2024-01-01 00:12:23,5243208.0,8.0301919784e-06,0.000167163741661,847603.207500929,3
2024-01-01 00:12:24,5813720.0,7.9489163361e-06,0.0001903247468906,855439.257269264,3
2024-01-01 00:12:25,5408280.0,7.8680693088e-06,0.0001854262004989,819410.440188589,3
2024-01-01 00:12:26,5082480.0,7.7939623821e-06,0.0001981700382969,886572.306178711,3
2024-01-01 00:12:27,5553080.0,7.7202621136e-06,0.0001916241313393,834980.475875886,3
2024-01-01 00:12:28,5222936.0,7.6469898012e-06,0.000206340789399,810098.968902448,3
2024-01-01 00:12:29,5267824.0,7.5769876627e-06,0.0002389576446496,771615.438680045,3
2024-01-01 00:12:30,5292440.0,7.5077947914e-06,0.0002505189667707,873322.706016336,3
2024-01-01 00:12:31,5603760.0,7.4377202029e-06,0.0002676467885261,855312.093363146,3
2024-01-01 00:12:32,5289312.0,7.3689566374e-06,0.0002700872436763,823382.962174196,3
2024-01-01 00:12:33,5275296.0,7.3034672897e-06,0.0002660537614585,780031.429002221,3
2024-01-01 00:12:34,5143296.0,7.2400119006e-06,0.0002645470994584,808306.822270676,3
2024-01-01 00:12:35,5847024.0,7.1742745597e-06,0.0002797465136123,862261.226024329,3
2024-01-01 00:12:36,5130264.0,7.1097710093e-06,0.0002769664834166,791462.915472494,3
2024-01-01 00:12:37,5460408.0,7.0486533551e-06,0.0002747685905991,848104.910245163,3
2024-01-01 00:12:38,5159224.0,6.9883964192e-06,0.0002553260672763,826896.430503896,3
2024-01-01 00:12:39,5280856.0,6.9301600248e-06,0.0002729953528431,850071.396141497,3
2024-01-01 00:12:40,5415520.0,6.8715011177e-06,0.0002646496847683,894284.856853135,3
2024-01-01 00:12:41,5138952.0,6.8145714622e-06,0.0002609011414763,824406.474078044,3
2024-01-01 00:12:42,5364840.0,6.7588510868e-06,0.0002609156813296,837380.280725389,3
2024-01-01 00:12:43,8605643.0,0.0036125752065705,0.0002766261812189,462352.077293372,2
2024-01-01 00:12:44,10015816.0,0.0003343755622636,0.0002620788354718,482968.05288562895,2
2024-01-01 00:12:45,7806168.0,0.000194689564576,0.0002769722151318,473153.500191853,2
2024-01-01 00:12:46,6004856.0,0.0001480434043148,0.0003756173524652,563905.927246898,2
2024-01-01 00:12:47,3835752.0,0.0001265377494133,0.0003489724940903,546822.613612736,2
2024-01-01 00:12:48,693592.0,0.0001185946807319,0.0003440882419717,536206.992333087,2
2024-01-01 00:12:49,1136680.0,0.0001157094054829,0.0003091663476301,532932.722902344,2
2024-01-01 00:12:50,755856.0,0.0001128598291342,0.0002918611523064,668301.107773852,2
2024-01-01 00:12:51,573408.0,0.0001109425739779,0.0003118819028288,741689.703115706,2
2024-01-01 00:12:52,432952.0,0.0001095341120261,0.0003927450406221,678985.171296748,2
2024-01-01 00:12:53,1216320.0,0.0001073099665107,0.000346274934463,618105.176703292,2
2024-01-01 00:12:54,4131144.0,0.0001007295757909,0.0002809848344332,571491.4356389,2
2024-01-01 00:12:55,5059312.0,9.1049494384e-05,0.0002829945641183,570940.967067004,2
2024-01-01 00:12:56,5117232.0,8.22663112707e-05,0.0002777932681304,553102.739307421,2
2024-01-01 00:12:57,5535704.0,7.47279255246e-05,0.0002991772537183,546738.946753148,2
2024-01-01 00:12:58,4970984.0,6.85188924974e-05,0.0003799743399359,615590.205443009,2
2024-01-01 00:12:59,2654184.0,6.46071851861e-05,0.0002941539124497,481818.070835338,2
2024-01-01 00:13:00,4494592.0,6.13583768666e-05,0.0002944068202265,522992.784234678,2
2024-01-01 00:13:01,4348344.0,5.77494635e-05,0.0002816462920883,491780.889949625,2
2024-01-01 00:13:02,4933336.0,5.43966433771e-05,0.0002778534795723,520398.868894987,2
2024-01-01 00:13:03,4701656.0,5.12996096917e-05,0.0003838102361382,575110.700839265,2
2024-01-01 00:13:04,4578576.0,4.86334063985e-05,0.0002961547586558,495802.227532515,2
2024-01-01 00:13:05,3149400.0,4.6611444992e-05,0.0002996210579399,505119.29493509,2
2024-01-01 00:13:06,4999944.0,4.46646526235e-05,0.0002977765988612,484590.123566228,2
2024-01-01 00:13:07,5011528.0,4.24779563454e-05,0.0002728095886365,482498.97124826495,2
2024-01-01 00:13:08,5127368.0,4.04716815925e-05,0.0002930021201813,492467.567906046,2
2024-01-01 00:13:09,5149088.0,3.8622253267e-05,0.0005929499864578,510973.6093282,2
2024-01-01 00:13:10,3434656.0,3.71988352831e-05,0.0001776676764121,518040.062439028,2
2024-01-01 00:13:11,4734960.0,3.59437161266e-05,0.0001833913393542,483570.818930779,2
2024-01-01 00:13:12,4713240.0,3.45913756269e-05,0.0001920529096875,485131.458042958,2
2024-01-01 00:13:13,5099856.0,3.32911537399e-05,0.0002024973642554,498759.94923758303,2
2024-01-01 00:13:14,5243208.0,3.20219179955e-05,0.0002613598070804,496721.27430935,2
2024-01-01 00:13:15,4791432.0,3.08787783326e-05,0.0002307562669265,506720.495377575,2
2024-01-01 00:13:16,3692400.0,2.99735974335e-05,0.0003232280452536,492666.68848905,2
2024-01-01 00:13:17,4952160.0,2.91067026611e-05,0.0002578554383243,491613.312039146,2
2024-01-01 00:13:18,4808808.0,2.81847961457e-05,0.0002243873599642,480345.498368772,2
2024-01-01 00:13:19,4978224.0,2.73175451811e-05,0.0003832169901904,500271.757154997,2
2024-01-01 00:13:20,5354704.0,2.64580725865e-05,0.0004527103689487,496069.5354175231,2
2024-01-01 00:13:21,3554840.0,2.57577749058e-05,0.0002997059033112,504121.484922159,2
2024-01-01 00:13:22,5330088.0,2.50977654598e-05,0.0002621805047713,473636.58611390495,2
2024-01-01 00:13:23,7706256.0,2.41887750822e-05,0.0002925366881488,550715.156778937,2
2024-01-01 00:13:24,7687432.0,2.3194529903e-05,0.000280240968782,523717.84354038496,2
2024-01-01 00:13:25,6233640.0,1.94155901083e-05,0.000175819833012,575309.499016739,2
2024-01-01 00:13:26,6330656.0,1.8885328384e-05,0.0001351649894823,576038.85750324,2
2024-01-01 00:13:27,2227024.0,1.85394289532e-05,0.000164699641631,615099.831672383,2
2024-01-01 00:13:28,3611312.0,1.83115151845e-05,0.0001985475000617,642490.953568679,2
2024-01-01 00:13:29,5732632.0,1.79583529956e-05,0.000294979295787,564533.145101043,2
2024-01-01 00:13:30,5175152.0,1.75622158988e-05,0.0007080274427181,561933.410846282,2
2024-01-01 00:13:31,4907272.0,1.72113574623e-05,0.0013480978510633,618869.991415356,2
2024-01-01 00:13:32,4346896.0,1.6901382833e-05,0.0014468225080575,555341.168888879,2
2024-01-01 00:13:33,5007184.0,1.65994401916e-05,0.001948098943691,605693.804208349,2
2024-01-01 00:13:34,5735528.0,1.62657245867e-05,0.002926501622733,601773.655024304,2
2024-01-01 00:13:35,6630392.0,1.58978517821e-05,0.003099891705254,575874.855535009,2
2024-01-01 00:13:36,6756368.0,1.55177404487e-05,0.000467791680652,548346.82684226,2
2024-01-01 00:13:37,6252464.0,1.5165252291e-05,0.0003139808596042,592422.167488254,2
2024-01-01 00:13:38,6275632.0,1.48407031063e-05,0.0002766261812189,580548.768690527,2
2024-01-01 00:13:39,5845576.0,1.45395740079e-05,0.0002620788354718,570512.996115773,2
2024-01-01 00:13:40,6198888.0,1.42523404328e-05,0.0002769722151318,604355.986376367,2
2024-01-01 00:13:41,4525000.0,1.4005719889e-05,0.0003756173524652,519198.89944655,2
2024-01-01 00:13:42,4878312.0,1.37966144367e-05,0.0003489724940903,533458.969763931,2
2024-01-01 00:13:43,4776952.0,1.35882555258e-05,0.0003440882419717,588163.343269354,2
2024-01-01 00:13:44,4878312.0,1.3386117495e-05,0.0003091663476301,571568.547521203,2
2024-01-01 00:13:45,4407712.0,1.31972489791e-05,0.0002918611523064,549308.224048898,2
2024-01-01 00:13:46,4623464.0,1.30186684651e-05,0.0003118819028288,567697.810081811,2
2024-01-01 00:13:47,5241760.0,1.28290748522e-05,0.0003927450406221,616835.394582753,2
2024-01-01 00:13:48,4287528.0,1.26509725441e-05,0.000346274934463,586416.565981046,2
2024-01-01 00:13:49,4679936.0,1.24879347563e-05,0.0002809848344332,591184.19238923,2
2024-01-01 00:13:50,4293320.0,1.23288858884e-05,0.0002829945641183,595186.243080454,2
2024-01-01 00:13:51,2884416.0,1.22044908937e-05,0.0002777932681304,581960.96237097,2
2024-01-01 00:13:52,4042816.0,1.20869349041e-05,0.0002991772537183,651221.506716237,2
2024-01-01 00:13:53,4267256.0,1.19488057042e-05,0.0003799743399359,587955.897720021,2
2024-01-01 00:13:54,4659664.0,1.18039085339e-05,0.0002941539124497,593533.572222983,2
2024-01-01 00:13:55,3453480.0,1.16751435551e-05,0.0002944068202265,672821.080303601,2
2024-01-01 00:13:56,4107976.0,1.15577355727e-05,0.0002816462920883,683579.113463695,2
2024-01-01 00:13:57,4089152.0,1.14330589686e-05,0.0002778534795723,696568.644071464,2
2024-01-01 00:13:58,3556288.0,1.13191485325e-05,0.0003838102361382,634586.175845568,2
2024-01-01 00:13:59,2583232.0,1.12292886753e-05,0.0002961547586558,661987.4369499,2
2024-01-01 00:14:00,1912808.0,1.11643917722e-05,0.0002996210579399,693806.21971273,2
2024-01-01 00:14:01,2088016.0,1.11072910898e-05,0.0002977765988612,580816.738453912,2
2024-01-01 00:14:02,2896000.0,1.10369885896e-05,0.0002728095886365,525629.907693338,2
2024-01-01 00:14:03,2564408.0,1.09609443449e-05,0.0002930021201813,619511.542801045,2
2024-01-01 00:14:04,3921184.0,1.08720356373e-05,0.0005929499864578,538834.630070037,2
2024-01-01 00:14:05,2794640.0,1.07813850326e-05,0.0001776676764121,677916.463680288,2
2024-01-01 00:14:06,4726272.0,1.06817696868e-05,0.0001833913393542,599563.399568503,2
2024-01-01 00:14:07,4927544.0,1.05564812413e-05,0.0001920529096875,583179.316606446,2
2024-01-01 00:14:08,5944040.0,1.04189051723e-05,0.0002024973642554,603426.984443243,2
2024-01-01 00:14:09,5063656.0,1.02831109467e-05,0.0002613598070804,607061.103336219,2
2024-01-01 00:14:10,5221488.0,1.0159441241e-05,0.0002307562669265,620602.047020313,2
2024-01-01 00:14:11,3421624.0,1.00577165415e-05,0.0003232280452536,608652.264996974,2
2024-01-01 00:14:12,3476648.0,9.9780349464e-06,0.0002578554383243,617310.808177299,2
2024-01-01 00:14:13,3407144.0,9.8997656166e-06,0.0002243873599642,706043.89049818,2
2024-01-01 00:14:14,3938560.0,9.8176058232e-06,0.0003832169901904,631372.643226639,2
2024-01-01 00:14:15,5457512.0,9.7145173189e-06,0.0004527103689487,552968.169002453,2
2024-01-01 00:14:16,4474320.0,9.6077799411e-06,0.0002997059033112,640429.769504121,2
2024-01-01 00:14:17,3226144.0,9.5266165069e-06,0.0002621805047713,614909.295191662,2
2024-01-01 00:14:18,4174584.0,9.4499553271e-06,0.0002925366881488,607098.506854983,2
2024-01-01 00:14:19,4522104.0,9.3614123836e-06,0.000280240968782,568885.738239626,2
2024-01-01 00:14:20,2825048.0,8.9195176692e-06,0.000175819833012,690901.589372778,2
2024-01-01 00:14:21,5196872.0,8.8467173182e-06,0.0001351649894823,601105.299765859,2
2024-01-01 00:14:22,7633856.0,8.7327153902e-06,14.186,547900.535706328,2
2024-01-01 00:14:23,47963.0,0.213635408702432,169.125,871190.141715353,3
2024-01-01 00:14:24,608160.0,0.0276830933137374,58.162,1030414.71541508,3
2024-01-01 00:14:25,537208.0,0.0078991144335542,17.168,949322.943830733,3
2024-01-01 00:14:26,671872.0,0.0047551457925769,21.14,888587.682798884,3
2024-01-01 00:14:27,858664.0,0.0031676066563125,20.876,909664.562716586,3
2024-01-01 00:14:28,877488.0,0.0022909549386115,21.157,989545.237241878,3
2024-01-01 00:14:29,1255416.0,0.001717317843938,21.321,1043241.4533971,3
2024-01-01 00:14:30,1436416.0,0.0013016851360041,21.775,939221.258536639,3
2024-01-01 00:14:31,1715880.0,0.0010147599490433,23.959,989890.623747978,3
2024-01-01 00:14:32,1867920.0,0.0008108950260808,23.198,1001348.27806921,3
2024-01-01 00:14:33,2189376.0,0.0006609969699722,20.734,969961.038823042,3
2024-01-01 00:14:34,2552824.0,0.0005435456110194,22.803,970656.183192536,3
2024-01-01 00:14:35,3105960.0,0.0004485663316209,21.37,907599.441213569,3
2024-01-01 00:14:36,3777832.0,0.0003699303400922,22.542,946940.177954355,3
2024-01-01 00:14:37,4115216.0,0.0003078423337131,22.149,868017.440610128,3
2024-01-01 00:14:38,4368616.0,0.000260777202523,20.991,839353.64957005,3
2024-01-01 00:14:39,5060760.0,0.0002229744046039,21.44,780951.694041365,3
2024-01-01 00:14:40,5356152.0,0.0001921292072232,22.005,788666.145361035,3
2024-01-01 00:14:41,5373528.0,0.0001225494841307,22.301,846197.894019277,3
2024-01-01 00:14:42,5111440.0,0.0001125439135111,21.448,777919.471264752,3
2024-01-01 00:14:43,5496608.0,0.0001039706242745,22.203,803926.194926255,3
2024-01-01 00:14:44,5341672.0,9.64532416465e-05,21.013,853121.510625969,3
2024-01-01 00:14:45,5344568.0,9.00373076958e-05,23.079,790495.338590634,3
2024-01-01 00:14:46,5479232.0,8.43563666853e-05,23.376,807753.334961281,3
2024-01-01 00:14:47,5356152.0,7.93425512061e-05,21.785,855534.693174407,3
2024-01-01 00:14:48,5398144.0,7.49236323945e-05,24.512,841216.697517807,3
2024-01-01 00:14:49,5729736.0,7.08431090309e-05,21.567,821157.124335548,3
2024-01-01 00:14:50,5244656.0,6.72279889333e-05,22.534,790182.898013618,3
2024-01-01 00:14:51,5503848.0,6.40310971877e-05,21.811,817074.38598314,3
2024-01-01 00:14:52,5367736.0,6.10910915606e-05,23.072,814748.326499295,3
2024-01-01 00:14:53,5217144.0,5.84775889762e-05,21.366,836873.154781321,3
2024-01-01 00:14:54,5033248.0,5.61512707888e-05,20.272,833663.156926571,3
2024-01-01 00:14:55,5451720.0,5.39567961797e-05,18.876,787492.035053511,3
2024-01-01 00:14:56,5280856.0,5.18798739277e-05,22.615,814349.705556911,3
2024-01-01 00:14:57,5398144.0,4.99670647974e-05,20.217,830635.208672798,3
2024-01-01 00:14:58,5419864.0,4.8167820851e-05,19.373,823458.576885826,3
2024-01-01 00:14:59,5285200.0,4.6510260002e-05,19.582,847604.556277936,3
2024-01-01 00:15:00,5632720.0,4.49340635227e-05,19.059,778198.545268834,3
2024-01-01 00:15:01,4926096.0,4.35065976178e-05,19.12,769937.456341768,3
2024-01-01 00:15:02,5379320.0,4.21995136921e-05,18.867,775819.299709859,3
2024-01-01 00:15:03,5141848.0,4.0942869787e-05,18.905,804782.812235571,3
2024-01-01 00:15:04,5422760.0,3.97548880609e-05,18.332,784755.100951584,3
2024-01-01 00:15:05,5163568.0,3.86311280842e-05,18.212,777998.841852645,3
2024-01-01 00:15:06,5172256.0,3.75938445661e-05,17.855,827637.991404148,3
2024-01-01 00:15:07,5228728.0,3.66048191958e-05,14.6,836480.284869091,3
2024-01-01 00:15:08,5215696.0,3.56625048851e-05,17.641,842399.543705243,3
2024-01-01 00:15:09,5496608.0,3.47453503562e-05,17.224,814649.500183016,3
2024-01-01 00:15:10,5165016.0,3.38779076155e-05,16.279,820590.735001288,3
2024-01-01 00:15:11,5712360.0,3.30369003133e-05,15.839,835693.07268604,3
2024-01-01 00:15:12,5086824.0,3.2241659831e-05,17.085,845564.696425283,3
2024-01-01 00:15:13,5490816.0,3.14996459e-05,19.732,824773.223081741,3
2024-01-01 00:15:14,5183840.0,3.07841182841e-05,15.397,810358.574979789,3
2024-01-01 00:15:15,5325744.0,3.0110921924e-05,14.796,851925.653916025,3
2024-01-01 00:15:16,5357600.0,2.94561617482e-05,15.625,832487.086031017,3
2024-01-01 00:15:17,5618240.0,2.88125877351e-05,15.248,866649.983633423,3
2024-01-01 00:15:18,5764488.0,2.81740859028e-05,15.008,885137.029060268,3
2024-01-01 00:15:19,5370632.0,2.75760633723e-05,14.0,827897.468645169,3
2024-01-01 00:15:20,5432896.0,2.7019847963e-05,12.3,880666.453388821,3
2024-01-01 00:15:21,5364840.0,2.64857961251e-05,12.5,834819.007604843,3
2024-01-01 00:15:22,5233072.0,2.59817411364e-05,0.0002851165850341,880287.211503096,3
2024-01-01 00:15:23,5114336.0,2.55078367323e-05,0.0002675171573786,884475.487317129,3
2024-01-01 00:15:24,5458960.0,2.50412477018e-05,0.0002725869623292,833080.193292145,3
2024-01-01 00:15:25,5170808.0,2.45889020569e-05,0.0002719146112052,830618.782864908,3
2024-01-01 00:15:26,5131712.0,2.41658626162e-05,0.0002757735643665,795030.970811973,3
2024-01-01 00:15:27,5137504.0,2.37584420548e-05,0.000277029872107,830415.570700227,3
2024-01-01 00:15:28,5460408.0,2.33521599053e-05,0.0002779100892539,812804.971293017,3
2024-01-01 00:15:29,5332984.0,2.29523301897e-05,0.0002616079525621,784998.030922263,3
2024-01-01 00:15:30,5464752.0,2.25659123455e-05,0.0002753763858761,843504.231933411,3
2024-01-01 00:15:31,5461856.0,2.21878819916e-05,0.0002731476106354,901654.051700439,3
2024-01-01 00:15:32,5571904.0,2.18187587459e-05,0.0002628508695518,880942.148569446,3
2024-01-01 00:15:33,5370632.0,2.14646096492e-05,0.0002641767956489,856475.052574518,3
2024-01-01 00:15:34,5508192.0,2.11238389147e-05,0.0002805523844255,865747.513111876,3
2024-01-01 00:15:35,5334432.0,2.07946649043e-05,0.0002697887880941,822567.102333833,3
2024-01-01 00:15:36,5450272.0,2.04773130949e-05,0.0002762794231037,856531.359791704,3
2024-01-01 00:15:37,5496608.0,2.01649775791e-05,0.0002592444698314,796247.86394112,3
2024-01-01 00:15:38,5340224.0,1.90139238329e-05,0.0065241958945989,835512.228550645,3
2024-01-01 00:15:39,5366288.0,1.87501382106e-05,0.002146858139606,813363.320855723,3
2024-01-01 00:15:40,5389456.0,1.84924082143e-05,0.0023773029101844,845072.386418629,3
2024-01-01 00:15:41,5118680.0,1.82473630201e-05,0.002007924142431,804446.843713699,3
2024-01-01 00:15:42,5463304.0,1.80071343677e-05,0.0019139255193923,824885.157066207,3
2024-01-01 00:15:43,5337328.0,1.77683346818e-05,0.0013429223274698,814676.010908623,3
2024-01-01 00:15:44,5398144.0,1.75371566841e-05,0.0011628043050643,805373.240088539,3
2024-01-01 00:15:45,5337328.0,1.73119058903e-05,0.0009117702861408,826102.475054513,3
2024-01-01 00:15:46,5053520.0,1.70993354354e-05,0.0008036041881051,828294.778975229,3
2024-01-01 00:15:47,5891912.0,1.68810938566e-05,0.0006997733305172,791778.079946343,3
2024-01-01 00:15:48,5104200.0,1.66672198821e-05,0.0006680691665966,868015.887645078,3
2024-01-01 00:15:49,5372080.0,1.64685110622e-05,0.0005246230534144,748358.180229489,3
2024-01-01 00:15:50,5262032.0,1.62715969201e-05,0.0004688980455082,796238.86809573,3
2024-01-01 00:15:51,5473440.0,1.60775494941e-05,0.0003599731959281,812237.562410839,3
2024-01-01 00:15:52,4978224.0,1.58929771755e-05,0.0003732920049107,806297.302432016,3
2024-01-01 00:15:53,5450272.0,1.5713052718e-05,0.0002999568058002,802099.315815737,3
2024-01-01 00:15:54,5424208.0,1.55296690792e-05,0.0002722619562355,836648.607343706,3
2024-01-01 00:15:55,5527016.0,1.53492757356e-05,0.0002737951959508,805844.529248953,3
2024-01-01 00:15:56,5095512.0,1.51782443242e-05,0.0002537628653829,822709.079717022,3
2024-01-01 00:15:57,5057864.0,1.50183099094e-05,0.0002845273679588,817377.813793252,3
2024-01-01 00:15:58,5703672.0,1.48524562912e-05,0.0002742929160103,848477.778210049,3
2024-01-01 00:15:59,5414072.0,1.4684866808e-05,0.0002784566913816,829260.207833158,3
2024-01-01 00:16:00,5337328.0,1.45263871765e-05,0.00027366287737,838067.956162835,3
2024-01-01 00:16:01,5141848.0,1.43751699202e-05,0.000261742127569,823064.020221954,3
2024-01-01 00:16:02,5211352.0,1.42288224465e-05,0.000270931626919,844933.922697373,3
2024-01-01 00:16:03,5386560.0,1.40820774427e-05,0.0002735052145384,861893.17040182,3
2024-01-01 00:16:04,5118680.0,1.39395710971e-05,0.0002609447358447,831639.417537185,3
2024-01-01 00:16:05,5401040.0,1.37997541051e-05,0.0002695222991406,814358.623408375,3
2024-01-01 00:16:06,5211352.0,1.36614990255e-05,0.0002600910824371,868776.769208193,3
2024-01-01 00:16:07,142.0,0.219444444444444,0.00015429844081,853.087032030585,1
2024-01-01 00:16:08,4879797.0,0.0088718090643479,0.000145120708362,568995.331566837,1
2024-01-01 00:16:09,6620256.0,0.0009351735807273,0.000152391681936,450753.081868545,1
2024-01-01 00:16:10,9419240.0,0.0004593496012789,0.00013630516509,480722.009980379,1
2024-01-01 00:16:11,9852192.0,0.0002833923792482,0.000130090358497,459858.53905321,1
2024-01-01 00:16:12,9448200.0,0.0002050806729769,0.0261624200003487,444324.56864699,1
2024-01-01 00:16:13,10519720.0,0.0001598368048829,0.0002876217490458,442793.616262288,1
2024-01-01 00:16:14,11032312.0,0.0001290552706414,0.0002173749341078,442420.168490548,1
2024-01-01 00:16:15,10490760.0,0.0001082022752832,0.000154298434081,444121.362448017,1
2024-01-01 00:16:16,10112832.0,9.37255584698e-05,0.0001451207208362,443784.49599037,1
2024-01-01 00:16:17,10076632.0,8.28753556259e-05,0.0001523918681936,427008.327156744,1
2024-01-01 00:16:18,10218536.0,7.42414341138e-05,0.000136305016509,433225.201040982,1
2024-01-01 00:16:19,10903440.0,6.69849569605e-05,0.0001300903582497,434838.772411591,1
2024-01-01 00:16:20,10177992.0,6.10200975483e-05,0.000136805795477,431759.368434025,1
2024-01-01 00:16:21,10500896.0,5.61260107845e-05,0.0001443238150928,435333.517280489,1
2024-01-01 00:16:22,10752848.0,5.18511926332e-05,0.000142708895394,438961.477720469,1
2024-01-01 00:16:23,10833936.0,4.81275715238e-05,0.0001413671874783,432069.78648258,1
2024-01-01 00:16:24,10654384.0,4.49161880265e-05,0.0001323965179872,433675.423713674,1
2024-01-01 00:16:25,10524064.0,4.21447116094e-05,0.0001406346176708,436826.996266754,1
2024-01-01 00:16:26,8511344.0,3.99266966655e-05,0.0001363762091599,473364.121185786,1
2024-01-01 00:16:27,10828144.0,3.79080421211e-05,0.0001343660594282,430273.605383254,1
2024-01-01 00:16:28,10288040.0,3.59198637962e-05,0.0001358605780385,455927.084516519,1
2024-01-01 00:16:29,9009456.0,3.42761881823e-05,0.0001334060466805,453153.224541298,1
2024-01-01 00:16:30,10348856.0,3.27748353496e-05,0.0001376099078624,434225.01964889694,1
2024-01-01 00:16:31,10166408.0,3.13192467714e-05,0.0001706846575504,438236.699883066,1
2024-01-01 00:16:32,10539992.0,2.9976108876e-05,0.000132906106585,436937.320301258,1
2024-01-01 00:16:33,10836832.0,2.87051658109e-05,0.0001387887704676,435041.489497969,1
2024-01-01 00:16:34,10188128.0,2.75554594898e-05,0.0001591423328012,427912.732052844,1
2024-01-01 00:16:35,10534200.0,2.65096460226e-05,0.0001399301437875,443834.401202863,1
2024-01-01 00:16:36,10761536.0,2.55143713426e-05,0.0001420098237393,437980.859963171,1
2024-01-01 00:16:37,9713184.0,2.46248392444e-05,0.0001374616367593,438923.15417351696,1
2024-01-01 00:16:38,11058376.0,2.37847360341e-05,0.0001316640285811,442931.227417955,1
2024-01-01 00:16:39,10751400.0,2.29614925121e-05,0.0001409110672976,432700.84903877,1
2024-01-01 00:16:40,10246048.0,2.2220944662e-05,0.0001376972822766,435969.51672295504,1
2024-01-01 00:16:41,9969480.0,2.15517753745e-05,0.0001340388929739,440537.533612495,1
2024-01-01 00:16:42,10251840.0,2.09217708306e-05,0.0001474821349254,443483.873808377,1
2024-01-01 00:16:43,10121520.0,2.03231435568e-05,0.0001306702464694,443831.964988256,1
2024-01-01 00:16:44,9543768.0,1.97768249945e-05,0.0001348252807344,439055.97452054,1
2024-01-01 00:16:45,8799496.0,1.92930551132e-05,0.0001389764388646,475444.224205622,1
2024-01-01 00:16:46,9742144.0,1.88278333983e-05,0.000144495517274,446623.237506038,1
2024-01-01 00:16:47,9966584.0,1.83572132122e-05,0.0001411655101946,435027.776396396,1
2024-01-01 00:16:48,9815992.0,1.79078432823e-05,0.0001414243667073,434458.030266624,1
2024-01-01 00:16:49,10637008.0,1.7465920321e-05,0.0001519749126875,447300.942407714,1
2024-01-01 00:16:50,9175976.0,1.70577978423e-05,0.0001633233093899,457786.667133335,1
2024-01-01 00:16:51,9695808.0,1.66866898223e-05,0.0001496630004392,442052.522316167,1
2024-01-01 00:16:52,10571848.0,1.63057392332e-05,0.0001437981167518,454590.498184622,1
2024-01-01 00:16:53,9242584.0,1.59494893975e-05,0.0001480604450608,454658.36423973297,1
2024-01-01 00:16:54,10438632.0,1.56110250378e-05,0.0001362367731625,451379.621638936,1
2024-01-01 00:16:55,9174528.0,1.52874222526e-05,0.0001540141433023,462799.787629874,1
2024-01-01 00:16:56,9721872.0,1.49882913255e-05,0.0001490827016856,471413.407190919,1
2024-01-01 00:16:57,8650352.0,1.47083376689e-05,0.0001377161892929,476595.994559112,1
2024-01-01 00:16:58,9385704.0,1.44436503944e-05,0.0001570106807902,448618.762489657,1
2024-01-01 00:16:59,9197696.0,1.41806175933e-05,0.0001367489770722,456343.524355674,1
2024-01-01 00:17:00,9271544.0,1.39285282927e-05,0.0001555340018368,449987.309865838,1
2024-01-01 00:17:01,8570712.0,1.369332177e-05,0.0001499795555172,453578.06060717104,1
2024-01-01 00:17:02,9304848.0,1.34656115605e-05,0.0001673756068468,435181.051697531,1
2024-01-01 00:17:03,8921128.0,1.32410304568e-05,0.0001532745008768,460544.8035195231,1
2024-01-01 00:17:04,8646008.0,1.30315657539e-05,0.0001554799648177,463163.106057961,1
2024-01-01 00:17:05,8767640.0,1.28303937948e-05,0.0001567531484582,458172.069270399,1
2024-01-01 00:17:06,8076944.0,1.26415717787e-05,0.0001683792468874,477030.902365808,1
2024-01-01 00:17:07,8123280.0,1.24651768269e-05,0.0001546188008667,493767.407315027,1
2024-01-01 00:17:08,8650352.0,1.22876936508e-05,0.0001616444023555,451473.289307966,1
2024-01-01 00:17:09,7982824.0,1.21165606644e-05,0.0001679003559133,481186.14246077,1
2024-01-01 00:17:10,7248688.0,1.19639550803e-05,0.0001639737379881,490311.463766203,1
2024-01-01 00:17:11,7208144.0,1.18226615923e-05,0.0001770576125607,472943.717483328,1
2024-01-01 00:17:12,7193664.0,1.16852000717e-05,0.0001791347172487,469996.117869104,1
2024-01-01 00:17:13,6442152.0,1.1557922894e-05,0.000164207055151,470480.416179879,1
2024-01-01 00:17:14,6989496.0,1.14352743121e-05,0.0001832063855037,451753.785930807,1
2024-01-01 00:17:15,6621704.0,1.13135852781e-05,0.0001999229687551,484312.696240774,1
2024-01-01 00:17:16,5593624.0,1.12065357616e-05,0.0002002958167204,482520.398201642,1
2024-01-01 00:17:17,5813720.0,1.11084200957e-05,0.0002003357298537,504661.132448378,1
2024-01-01 00:17:18,6207576.0,1.10068850344e-05,0.0002269021933369,474947.988734439,1
2024-01-01 00:17:19,8008888.0,1.08892145221e-05,0.0002053479864075,464277.85839063104,1
2024-01-01 00:17:20,6072912.0,1.07749950026e-05,0.0002157363929312,487907.706354544,1
2024-01-01 00:17:21,5771728.0,1.0680801352e-05,0.000247237929614,495985.631918712,1
2024-01-01 00:17:22,6184408.0,1.05873932762e-05,0.0002469300096059,490380.281940637,1
2024-01-01 00:17:23,5453168.0,1.04980039799e-05,0.0002320407019524,479010.450684595,1
2024-01-01 00:17:24,5473440.0,1.04154511609e-05,0.0001802140148734,503120.48244554,1
2024-01-01 00:17:25,5495160.0,1.03338768786e-05,0.0002400711791156,501130.786824003,1
2024-01-01 00:17:26,5522672.0,1.02532131137e-05,0.0002464243582078,482833.534626112,1
2024-01-01 00:17:27,5845344.0,1.01713002686e-05,0.0002318411229926,521404.935889834,1
2024-01-01 00:17:28,5531592.0,1.00906026729e-05,0.0002617471208559,512859.60707359697,1
2024-01-01 00:17:29,5728288.0,1.00119966565e-05,0.0002589555809996,492848.163675268,1
2024-01-01 00:17:30,8446184.0,9.9148341156e-06,0.000258844865503,439526.85411582096,1
2024-01-01 00:17:31,5611000.0,9.8202011543e-06,0.00026290149297,482211.372810388,1
2024-01-01 00:17:32,5854264.0,9.7443977677e-06,0.0002461359733704,493941.502298822,1
2024-01-01 00:17:33,5595072.0,9.6698502094e-06,0.0002602840938543,487503.571758247,1
2024-01-01 00:17:34,5576248.0,9.5982070522e-06,0.0002494402203695,493113.71700214,1
2024-01-01 00:17:35,5130264.0,9.5305262061e-06,0.0001711255106432,484343.527921605,1
2024-01-01 00:17:36,5473440.0,9.4644405529e-06,0.0002572686938757,530369.247575754,1
2024-01-01 00:17:37,5615344.0,9.3963036095e-06,0.0002447513900861,507658.426755456,1
2024-01-01 00:17:38,5705120.0,9.3277476554e-06,0.0002547030501393,475297.117227019,1
2024-01-01 00:17:39,5661680.0,9.2599085135e-06,0.0002602769867167,509474.454174765,1
2024-01-01 00:17:40,5626928.0,9.193505541e-06,0.0002840185437107,512406.875427186,1
2024-01-01 00:17:41,7240000.0,9.1189923399e-06,0.0002618282994188,473767.341289528,1
2024-01-01 00:17:42,6098976.0,9.0429678198e-06,0.0002542723068331,486137.832944598,1
2024-01-01 00:17:43,5957072.0,8.9753560209e-06,0.000250713180446,481721.903872277,1
2024-01-01 00:17:44,6045400.0,8.9090445632e-06,0.0002575566345585,512695.155121336,1
2024-01-01 00:17:45,5554528.0,8.8458731251e-06,0.0002534309654491,490408.02375878,1
2024-01-01 00:17:46,5395248.0,8.7870610724e-06,0.0001977209505959,502051.135102597,1
2024-01-01 00:17:47,6014992.0,8.726612863e-06,0.0002368940514629,496127.896657881,1
2024-01-01 00:17:48,5615344.0,8.665836787e-06,0.0002404059739913,497831.191794517,1
2024-01-01 00:17:49,5961416.0,8.6061842812e-06,0.0002379852842508,498399.92556771,1
2024-01-01 00:17:50,5690640.0,8.5469603678e-06,0.000259929426391,501903.526123379,1
2024-01-01 00:17:51,6043952.0,8.4881352508e-06,0.0002636734083286,501576.458791425,1
2024-01-01 00:17:52,7975584.0,8.4189365184e-06,0.0002368381442804,444337.664508867,1
2024-01-01 00:17:53,5891912.0,8.3515439702e-06,0.0002558637471472,498428.257481251,1
2024-01-01 00:17:54,6125040.0,8.2940331045e-06,0.000241740262462,501703.108716884,1
2024-01-01 00:17:55,5354704.0,8.2398234095e-06,0.0002533776559883,501396.380793924,1
2024-01-01 00:17:56,6112008.0,8.1863867951e-06,0.0002322611962809,493386.847757543,1
2024-01-01 00:17:57,437474.0,0.0405906128398756,0.0003102746062773,179519.703035495,2
2024-01-01 00:17:58,742824.0,0.0056806106939293,0.0002546256447868,494869.55729723,2
2024-01-01 00:17:59,1293064.0,0.0024632176457819,0.0002754254917955,568802.098352089,2
2024-01-01 00:18:00,2754096.0,0.0011753317186261,0.0002587912981383,506395.583984356,2
2024-01-01 00:18:01,4959400.0,0.0005831623138397,0.0002528103082776,510830.496724599,2
2024-01-01 00:18:02,7180632.0,0.0003223789859587,0.0002002614765918,497092.772146518,2
2024-01-01 00:18:03,10328584.0,0.0001961397953656,0.0002236404003353,447740.244904839,2
2024-01-01 00:18:04,9514808.0,0.0001347468399212,0.0002323320028506,458092.922831901,2
2024-01-01 00:18:05,9614720.0,0.0001037814693435,0.0002347266132832,451882.165085285,2
2024-01-01 00:18:06,11055480.0,8.32404461426e-05,0.0002406212226274,451078.96409725,2
2024-01-01 00:18:07,10631216.0,6.88636895952e-05,0.0001874879361635,454141.440453944,2
2024-01-01 00:18:08,9736352.0,5.92533867119e-05,0.0002553271053089,501440.956717357,2
2024-01-01 00:18:09,5832544.0,5.35147033056e-05,0.0002452299532845,514617.390367096,2
2024-01-01 00:18:10,4878312.0,5.01939521211e-05,0.0002308241511438,598373.27538948,2
2024-01-01 00:18:11,5687744.0,4.73076470536e-05,0.0002612575036915,594833.117880284,2
2024-01-01 00:18:12,5154880.0,4.46656161457e-05,0.0002400386233289,666985.157570541,2
2024-01-01 00:18:13,5471992.0,4.23509438548e-05,0.0001931555266537,641558.868566283,2
2024-01-01 00:18:14,7102440.0,3.99085837448e-05,0.0002241224920662,477795.269337436,2
2024-01-01 00:18:15,6436360.0,3.75679209435e-05,0.0002378811866889,525420.011233666,2
2024-01-01 00:18:16,5822408.0,3.56737472639e-05,0.0002484873478119,540076.786332113,2
2024-01-01 00:18:17,6120696.0,3.4005277937e-05,0.0002573993264296,546681.388905954,2
2024-01-01 00:18:18,6143632.0,3.2446547821e-05,0.0001900489633467,549135.160131448,2
2024-01-01 00:18:19,6290344.0,3.10059170496e-05,0.0002260624064291,515628.954716792,2
2024-01-01 00:18:20,7225288.0,2.95795220744e-05,0.0002532026446457,501138.750015924,2
2024-01-01 00:18:21,5695216.0,2.8330134394e-05,0.0002667571682762,501280.09069535695,2
2024-01-01 00:18:22,6048296.0,2.72848174767e-05,0.000266871426626,520591.831482544,2
2024-01-01 00:18:23,5956840.0,2.62926964067e-05,0.0002529114173634,510954.511714636,2
2024-01-01 00:18:24,5511320.0,2.54097836452e-05,0.000258371526724,498321.248706202,2
2024-01-01 00:18:25,7421000.0,2.44846760095e-05,0.0013658734392528,470548.519647292,2
2024-01-01 00:18:26,6653560.0,2.35492354895e-05,0.0008239395478192,489404.405564934,2
2024-01-01 00:18:27,5919424.0,2.27720554377e-05,0.0005388445281152,494672.699482475,2
2024-01-01 00:18:28,6049744.0,2.20789089782e-05,0.0005018770003402,522203.828666983,2
2024-01-01 00:18:29,5699328.0,2.14381780102e-05,0.0005396625813824,525676.388621357,2
2024-01-01 00:18:30,5907840.0,2.08409534378e-05,0.000390704740152,484434.7127760191,2
2024-01-01 00:18:31,7654128.0,2.01847149073e-05,0.0003714792131927,485244.759182745,2
2024-01-01 00:18:32,6171376.0,1.95554244916e-05,0.0003537368980095,520211.938180837,2
2024-01-01 00:18:33,5359048.0,1.90600551258e-05,0.0003472233282356,514446.758921217,2
2024-01-01 00:18:34,5344568.0,1.8622442654e-05,0.000218908467614,526664.746569806,2
2024-01-01 00:18:35,5603760.0,1.81952802022e-05,0.0001910947127255,502731.659988843,2
2024-01-01 00:18:36,5502400.0,1.77813755177e-05,0.000250231524484,515799.492048177,2
2024-01-01 00:18:37,3495337.0,2.08904497947e-05,0.0003053823085162,476338.205226014,2
2024-01-01 00:18:38,1255416.0,5.18756987652e-05,0.0002956778053345,761957.276219819,2
2024-01-01 00:18:39,2240056.0,5.15175176275e-05,0.0003306087827808,603144.321575618,2
2024-01-01 00:18:40,3857472.0,4.85574893899e-05,0.0031183172155309,533986.792144134,2
2024-01-01 00:18:41,4274496.0,4.78329951238e-05,0.0025027666858692,540291.247740287,2
2024-01-01 00:18:42,4416400.0,4.70821012561e-05,0.0014389286568765,565093.88845581,2
2024-01-01 00:18:43,8094320.0,4.60437712834e-05,0.0007658242430754,548988.378106439,2
2024-01-01 00:18:44,6445048.0,4.48896241431e-05,0.0003834476023969,548654.43338854,2
2024-01-01 00:18:45,5370632.0,4.39937751985e-05,0.0002228967625717,576383.868044631,2
2024-01-01 00:18:46,4669800.0,4.32603220634e-05,0.0001615606918845,587927.829188776,2
2024-01-01 00:18:47,5024560.0,4.25753843765e-05,0.0001406134626961,551057.789387204,2
2024-01-01 00:18:48,5088272.0,4.18835085919e-05,0.0001540714903625,546541.226254082,2
2024-01-01 00:18:49,5479232.0,4.11842692555e-05,0.0001319393450464,600107.142127125,2
2024-01-01 00:18:50,4853696.0,4.05224178529e-05,0.000135277972555,557284.146918444,2
2024-01-01 00:18:51,4022544.0,3.99705738666e-05,0.0001415384401431,635772.174489898,2
2024-01-01 00:18:52,3612760.0,3.95078684273e-05,0.000176208471161,576885.268044339,2
2024-01-01 00:18:53,3773488.0,3.90704627801e-05,0.0003102746062773,547162.911555309,2
2024-01-01 00:18:54,4445360.0,3.85951151809e-05,0.0002546256447868,623804.992820486,2
2024-01-01 00:18:55,4019648.0,3.81172161658e-05,0.0002754254917955,604074.234310621,2
2024-01-01 00:18:56,3591040.0,3.76975424737e-05,0.0002587912981383,645691.257087489,2
2024-01-01 00:18:57,4225264.0,3.72762553122e-05,0.0002528103082776,514911.106055156,2
2024-01-01 00:18:58,4439568.0,3.68200118289e-05,0.0002002614765918,552938.519631259,2
2024-01-01 00:18:59,5228728.0,3.6324066694e-05,0.0002236404003353,577892.379901663,2
2024-01-01 00:19:00,5965760.0,3.57662491592e-05,0.0002323320028506,503764.810351863,2
2024-01-01 00:19:01,6114904.0,3.51830234074e-05,0.0002347266132832,508360.16963729,2
2024-01-01 00:19:02,5644304.0,3.46331504201e-05,0.0002406212226274,571257.316119819,2
2024-01-01 00:19:03,5870192.0,3.41112842351e-05,0.0001874879361635,547187.924242253,2
2024-01-01 00:19:04,5618240.0,3.36059377805e-05,0.0002553271053089,590262.386275934,2
2024-01-01 00:19:05,6352376.0,3.3095279917e-05,0.0002452299532845,574275.520458877,2
2024-01-01 00:19:06,5702224.0,3.2596198141e-05,0.0002308241511438,543057.726884562,2
2024-01-01 00:19:07,7646888.0,3.20613616492e-05,0.0002612575036915,526472.856773302,2
2024-01-01 00:19:08,5964312.0,3.15330257273e-05,0.0002400386233289,536332.149108868,2
2024-01-01 00:19:09,5580592.0,3.10985862742e-05,0.0001931555266537,564225.87437918,2
2024-01-01 00:19:10,6007752.0,3.06745213983e-05,0.0002241224920662,547189.81202239,2
2024-01-01 00:19:11,4469976.0,3.03006504905e-05,0.0002378811866889,655379.006400841,2
2024-01-01 00:19:12,3631584.0,3.00178354248e-05,0.0002484873478119,709152.864374539,2
2024-01-01 00:19:13,3940008.0,2.97583660409e-05,0.0002573993264296,659045.138317517,2
2024-01-01 00:19:14,3424520.0,2.95101829312e-05,0.0001900489633467,668658.95907906,2
2024-01-01 00:19:15,3840096.0,2.92694735576e-05,0.0002260624064291,669392.491943249,2
2024-01-01 00:19:16,5186736.0,2.89758899026e-05,0.0002532026446457,623919.416633663,2
2024-01-01 00:19:17,4765368.0,2.8658758086e-05,0.0002667571682762,632646.831875903,2
2024-01-01 00:19:18,6161240.0,2.83186952121e-05,0.000266871426626,545136.562389827,2
2024-01-01 00:19:19,6174272.0,2.7944166692e-05,0.0002529114173634,614846.305293027,2
2024-01-01 00:19:20,5751456.0,2.75913260341e-05,0.000258371526724,530205.966845519,2
2024-01-01 00:19:21,7742456.0,2.7203005254e-05,0.0013658734392528,538990.613969264,2
2024-01-01 00:19:22,6206128.0,2.68124517692e-05,0.0008239395478192,520321.939730134,2
2024-01-01 00:19:23,5211352.0,2.65010783773e-05,0.0005388445281152,565831.900038212,2
2024-01-01 00:19:24,4737856.0,2.62356327667e-05,0.0005018770003402,557744.238623573,2
2024-01-01 00:19:25,3256552.0,2.60260946042e-05,0.0005396625813824,583406.6221674,2
2024-01-01 00:19:26,2370376.0,2.58806347637e-05,0.000390704740152,599303.870208454,2
2024-01-01 00:19:27,3150848.0,2.57395566994e-05,0.0003714792131927,638024.335253249,2
2024-01-01 00:19:28,4121008.0,2.5556087446e-05,0.0003537368980095,613075.641117406,2
2024-01-01 00:19:29,3627240.0,2.53633635543e-05,0.0003472233282356,713559.412222429,2
2024-01-01 00:19:30,4171688.0,2.51723561418e-05,0.000218908467614,610762.980855461,2
2024-01-01 00:19:31,2390648.0,2.50137319356e-05,0.0001910947127255,629310.499612778,2
2024-01-01 00:19:32,3237728.0,2.4879380049e-05,0.000250231524484,525239.383366651,2
2024-01-01 00:19:33,5175152.0,2.46812972051e-05,0.0003053823085162,610625.359713648,2
2024-01-01 00:19:34,4510520.0,2.44569336073e-05,0.0002956778053345,582702.698630515,2
2024-01-01 00:19:35,4843560.0,2.42441555684e-05,0.0003306087827808,578357.385406275,2
2024-01-01 00:19:36,5799240.0,2.29583291631e-05,0.0031183172155309,515791.301912591,2
2024-01-01 00:19:37,4623464.0,2.27493986747e-05,0.0025027666858692,635101.377988295,2
2024-01-01 00:19:38,4743648.0,2.25649160094e-05,0.0014389286568765,594770.95875355,2
2024-01-01 00:19:39,2644227.0,0.0097915616292784,0.0030441343784332,425038.182174781,1
2024-01-01 00:19:40,9469920.0,0.0006961323706944,0.0028866447619537,440941.221481529,1
2024-01-01 00:19:41,5718152.0,0.0002934212108784,0.0027106137342855,528296.561556737,1
2024-01-01 00:19:42,2943784.0,0.0002252904292329,0.0027518118581464,461782.891172164,1
2024-01-01 00:19:43,1387184.0,0.000202260680535,0.0026009254455566,650753.876439291,1
2024-01-01 00:19:44,490872.0,0.0001937310996186,0.0024239604855761,624565.976258361,1
2024-01-01 00:19:45,260640.0,0.0001905327027633,0.0022740491898187,567144.655181079,1
2024-01-01 00:19:46,201272.0,0.0001886211313087,0.0023237414982007,604014.455196067,1
2024-01-01 00:19:47,152040.0,0.0001871847962471,0.0021793735640694,487596.359747178,1
2024-01-01 00:19:48,117288.0,0.0001861046098791,0.002523052064996,579471.338159266,1
2024-01-01 00:19:49,123080.0,0.0001851513225362,0.0022317673459411,401703.192896424,1
2024-01-01 00:19:50,70952.0,0.000184388584303,0.0032643230756123,840606.720662628,1
2024-01-01 00:19:51,131768.0,0.0001835990056899,0.002081207259396,190522.297618101,1
2024-01-01 00:19:52,144800.0,0.0001825322779397,0.0015903348845194,318817.10956789,1
2024-01-01 00:19:53,173760.0,0.0001813189779519,0.0016534600453368,316928.113585427,1
2024-01-01 00:19:54,181000.0,0.0001799864446526,0.0014106292616237,219901.126179119,1
2024-01-01 00:19:55,195480.0,0.0001785936508091,0.0014523763296216,455306.167223398,1
2024-01-01 00:19:56,224440.0,0.0001770655091976,0.0012122188840258,199210.37800857,1
2024-01-01 00:19:57,260640.0,0.000175332554072,0.0010567386685373,291813.448829622,1
2024-01-01 00:19:58,231680.0,0.0001736073280095,0.0010331012308597,619352.567397523,1
2024-01-01 00:19:59,201272.0,0.0001721179517219,0.0008577806623839,757621.519854624,1
2024-01-01 00:20:00,233128.0,0.0001706496568436,0.002856994207661,402371.75941823,1
2024-01-01 00:20:01,238920.0,0.0001690819827195,0.005327177077294,418626.095024915,1
2024-01-01 00:20:02,185344.0,0.0001676968499929,0.006734849815818,490648.110854458,1
2024-01-01 00:20:03,205616.0,0.0001664409839801,0.008968049039643,304516.780284941,1
2024-01-01 00:20:04,195480.0,0.0001651717123045,0.0001917763422894,553446.627197393,1
2024-01-01 00:20:05,202720.0,0.0001639307467147,0.0001491233182962,853423.176906035,1
2024-01-01 00:20:06,209960.0,0.000162664178952,0.0002625611716748,298799.943220147,1
2024-01-01 00:20:07,209960.0,0.0001613952664229,0.000488592525187,376011.87197659694,1
2024-01-01 00:20:08,144800.0,0.0001603381598826,0.0010367169038851,94745.6056958046,1
2024-01-01 00:20:09,246160.0,0.0001591902758163,0.0028569940207661,223245.734706767,1
2024-01-01 00:20:10,253400.0,0.0001577464069775,0.0053271770477294,267948.768983626,1
2024-01-01 00:20:11,296840.0,0.0001561864054613,0.0067348498150818,291045.480785441,1
2024-01-01 00:20:12,340280.0,0.0001544181891139,0.0089680490039643,376205.136476479,1
2024-01-01 00:20:13,405440.0,0.0001523990032799,0.0109909883765287,467932.828300688,1
2024-01-01 00:20:14,463360.0,0.0001501120359631,0.0113234251737594,301846.498456673,1
2024-01-01 00:20:15,492320.0,0.0001476739448044,0.0180825068026172,363027.859316002,1
2024-01-01 00:20:16,506800.0,0.0001452080902188,0.010185155239734,441748.196884553,1
2024-01-01 00:20:17,501008.0,0.0001428025710308,0.009355438323248,481891.734985069,1
2024-01-01 00:20:18,543000.0,0.0001403938880143,0.0080235481262207,309271.074481752,1
2024-01-01 00:20:19,571960.0,0.0001379094616152,0.0076166954040527,326690.182778429,1
2024-01-01 00:20:20,626984.0,0.0001353345085776,0.0070535506520952,304830.296563762,1
2024-01-01 00:20:21,582096.0,0.0001328320915917,0.0064841334025065,283344.009099497,1
2024-01-01 00:20:22,638568.0,0.0001303990897729,0.0053269231641614,341204.206567871,1
2024-01-01 00:20:23,584992.0,0.0001280468782949,0.0056892779565626,350770.697674774,1
2024-01-01 00:20:24,631328.0,0.0001257923040434,0.0069713592529296,304207.326561858,1
2024-01-01 00:20:25,438744.0,0.0001238713047922,0.0059188582141947,445445.39894864097,1
2024-01-01 00:20:26,682008.0,0.0001219252054593,0.005743528134895,443906.62651453295,1
2024-01-01 00:20:27,894864.0,0.0001192879250913,0.0071195544618548,502220.7167526,1
2024-01-01 00:20:28,799296.0,0.0001165749654039,0.0067553987036218,559882.43166313,1
2024-01-01 00:20:29,1003464.0,0.0001138239939531,0.0071655915333674,431313.205731014,1
2024-01-01 00:20:30,990432.0,0.0001109259944254,0.0068977491723166,501689.576827107,1
2024-01-01 00:20:31,1185912.0,0.0001079292408957,0.0067795895515604,421160.84219072,1
2024-01-01 00:20:32,1324920.0,0.0001046661352724,0.0067384341667438,445300.60615675,1
2024-01-01 00:20:33,1403112.0,0.0001013364351492,0.0083649897575378,440591.682003375,1
2024-01-01 00:20:34,1637688.0,9.78680342274e-05,0.0055499525631175,381840.26124219294,1
2024-01-01 00:20:35,1715880.0,9.43060474276e-05,0.0053657107883029,470709.745489895,1
2024-01-01 00:20:36,1967832.0,9.06828018653e-05,0.0044024001468311,434480.743072485,1
2024-01-01 00:20:37,2130008.0,8.69646560783e-05,0.0043033666388933,508551.146674321,1
2024-01-01 00:20:38,2267568.0,8.32990285536e-05,0.0034607753419039,467240.725319441,1
2024-01-01 00:20:39,2448568.0,7.9696791121e-05,0.0030441343784332,537034.486315101,1
2024-01-01 00:20:40,2646944.0,7.61393630102e-05,0.0028866447619537,500456.034554629,1
2024-01-01 00:20:41,1710088.0,7.33314188464e-05,0.0027106137342855,490357.916405154,1
2024-01-01 00:20:42,2580336.0,7.07743180386e-05,0.0027518118581464,546850.670919775,1
2024-01-01 00:20:43,2927856.0,6.77372043771e-05,0.0026009254455566,496203.729951108,1
2024-01-01 00:20:44,3168224.0,6.46650658272e-05,0.0024239604855761,507070.14083828096,1
2024-01-01 00:20:45,3505608.0,6.16067406584e-05,0.0022740491898187,516057.97181762,1
2024-01-01 00:20:46,3553392.0,5.86697387181e-05,0.0023237414982007,471484.09472465,1
2024-01-01 00:20:47,4039920.0,5.5810388952e-05,0.0021793735640694,501229.865012968,1
2024-01-01 00:20:48,4028336.0,5.30596931018e-05,0.002523052064996,561908.734275742,1
2024-01-01 00:20:49,4312144.0,5.04888475313e-05,0.0022317673459411,502897.96716459,1
2024-01-01 00:20:50,4776952.0,4.79574120172e-05,0.0032643230756123,459673.235513872,1
2024-01-01 00:20:51,4743648.0,4.55622949579e-05,0.002081207259396,515212.452765492,1
2024-01-01 00:20:52,2971296.0,4.37851511262e-05,0.0015903348845194,502955.458813242,1
2024-01-01 00:20:53,4981120.0,4.2103099926e-05,0.0016534600453368,511202.452674045,1
2024-01-01 00:20:54,4962296.0,4.01668858512e-05,0.0014106292616237,493895.19424645696,1
2024-01-01 00:20:55,5346016.0,3.8340136083e-05,0.0014523763296216,508420.87346383696,1
2024-01-01 00:20:56,5408280.0,3.6602416494e-05,0.0012122188840258,493151.52579441504,1
2024-01-01 00:20:57,5290992.0,3.50225879053e-05,0.0010567386685373,527754.371388031,1
2024-01-01 00:20:58,4871072.0,3.36430669724e-05,0.0010331012308597,499436.1325856511,1
2024-01-01 00:20:59,5112888.0,3.23904929807e-05,0.0008577806623839,510007.292924304,1
2024-01-01 00:21:00,5560320.0,3.11509548053e-05,0.009355438323248,487248.689219741,1
2024-01-01 00:21:01,5574800.0,1.76448555531e-05,0.0053269231641614,503265.470893537,1
2024-01-01 00:21:02,5363392.0,1.84415113215e-05,0.0070535506520952,500775.583304778,1
2024-01-01 00:21:03,5134608.0,2.99995451953e-05,0.0032156006532,494512.118550253,1
2024-01-01 00:21:04,5509640.0,1.64058233095e-05,0.005743528134895,466303.44962615694,1
2024-01-01 00:21:05,5509640.0,1.64058233095e-05,0.005743528134895,466303.44962615694,1
2024-01-01 00:21:06,5069448.0,2.8978190206e-05,0.0006789365,506032.284015753,1
2024-01-01 00:21:07,5574800.0,1.76448555531e-05,0.0053269231641614,503265.470893537,1
2024-01-01 00:21:08,1811448.0,2.83255983494e-05,0.0065473290003,511753.558306617,1
2024-01-01 00:21:09,5228728.0,2.76921449481e-05,0.0001917763422894,489897.567016391,1
2024-01-01 00:21:10,5105648.0,2.68087563061e-05,0.0001491233182962,484135.413626923,1
2024-01-01 00:21:11,5137504.0,2.59872078865e-05,0.0002625611716748,463221.757344916,1
2024-01-01 00:21:12,5053520.0,2.52182507229e-05,0.000488592525187,468607.312722686,1
2024-01-01 00:21:13,4761024.0,2.45192926538e-05,0.0010367169038851,491127.33688583,1
2024-01-01 00:21:14,4991256.0,2.38624340742e-05,0.0028569940207661,492679.293382722,1
2024-01-01 00:21:15,5196872.0,2.32127731767e-05,0.0053271770477294,490632.915049529,1
2024-01-01 00:21:16,4745096.0,2.26117719636e-05,0.0067348498150818,501211.097831761,1
2024-01-01 00:21:17,4897136.0,2.20581767705e-05,0.0089680490039643,518187.130865264,1
2024-01-01 00:21:18,5121576.0,2.15110008482e-05,0.0109909883765287,473065.687395778,1
2024-01-01 00:21:19,2163312.0,2.11289642271e-05,0.0113234251737594,497319.283178118,1
2024-01-01 00:21:20,5489368.0,2.07439156984e-05,0.0180825068026172,506638.250551771,1
2024-01-01 00:21:21,5066552.0,2.02336835334e-05,0.010185155239734,503415.20835903,1
2024-01-01 00:21:22,5525568.0,1.97465843836e-05,0.009355438323248,480074.012463194,1
2024-01-01 00:21:23,4847904.0,1.92913651621e-05,0.0080235481262207,489968.981311649,1
2024-01-01 00:21:24,5269272.0,1.88674436829e-05,0.0076166954040527,475490.859284245,1
2024-01-01 00:21:25,5363392.0,1.84415113215e-05,0.0070535506520952,500775.583304778,1
2024-01-01 00:21:26,5162120.0,1.80383179226e-05,0.0064841334025065,498401.367861804,1
2024-01-01 00:21:27,5574800.0,1.76448555531e-05,0.0053269231641614,503265.470893537,1
2024-01-01 00:21:28,5150536.0,1.72684304439e-05,0.0056892779565626,477382.268833825,1
2024-01-01 00:21:29,5408280.0,1.69134200774e-05,0.0069713592529296,489318.843661011,1
2024-01-01 00:21:30,2486216.0,1.66568912973e-05,0.0059188582141947,525927.615913839,1
2024-01-01 00:21:31,5509640.0,1.64058233095e-05,0.005743528134895,466303.44962615694,1
2024-01-01 00:21:32,4778400.0,1.60929417631e-05,0.0071195544618548,495657.403839948,1
2024-01-01 00:21:33,5224384.0,1.58002189435e-05,0.0067553987036218,461911.32106086,1
